id,slug,title,meta_title,meta_description,excerpt,category,tags,related_peptides,author,publish_date,last_updated,featured,read_time,keywords
 86b815cc-2dc7-4153-8ddb-4e120ca8aea9,healing-peptides-research,"Healing Peptides Research","Healing Peptides Research","Comprehensive guide on healing peptides studies. Learn about research, benefits, safety, and protocols. Updated 2024-2025 research.","Discover everything you need to know about healing peptides studies in this comprehensive research guide. Based on the latest 2024-2025 studies and clinical research.",Research Summaries,"peptides;research chemicals;peptide therapy;peptide guide;research summaries;healing;research","",Shrine Peptides Research Team,2024-10-30 15:09:07.52,2025-09-27 09:15:49.545,false,6,"peptides;research chemicals;peptide therapy;peptide guide;research summaries;healing;research"
 f9c96065-45f9-4f60-b909-3a8c15c5d3e8,immune-peptide-studies,"Immune Peptide Studies","Immune Peptide Studies","Comprehensive guide on immune peptide research. Learn about research, benefits, safety, and protocols. Updated 2024-2025 research.","Discover everything you need to know about immune peptide research in this comprehensive research guide. Based on the latest 2024-2025 studies and clinical research.",Research Summaries,"peptides;research chemicals;peptide therapy;peptide guide;research summaries;immune;peptide;studies","",Shrine Peptides Research Team,2024-10-30 10:12:50.855,2025-09-27 09:15:44.738,false,6,"peptides;research chemicals;peptide therapy;peptide guide;research summaries;immune;peptide;studies"
 707165b8-a9c0-4513-a9d3-6ddb299da2e4,2024-peptide-research-review,"2024 Peptide Research Review","2024 Peptide Research Review","Comprehensive guide on 2024 peptide research. Learn about research, benefits, safety, and protocols. Updated 2024-2025 research.","Discover everything you need to know about 2024 peptide research in this comprehensive research guide. Based on the latest 2024-2025 studies and clinical research.",Research Summaries,"peptides;research chemicals;peptide therapy;peptide guide;research summaries;2024;peptide;research;review","",Shrine Peptides Research Team,2024-10-30 01:28:48.081,2025-09-27 09:15:44.069,false,6,"peptides;research chemicals;peptide therapy;peptide guide;research summaries;2024;peptide;research;review"
 26428455-4b62-4356-93f8-58dbfcce0371,peptides-for-joint-health,"Peptides for Joint Health","Peptides for Joint Health","Comprehensive guide on joint health peptides. Learn about research, benefits, safety, and protocols. Updated 2024-2025 research.","Discover everything you need to know about joint health peptides in this comprehensive research guide. Based on the latest 2024-2025 studies and clinical research.",Condition-Specific Guides,"peptides;research chemicals;peptide therapy;peptide guide;condition-specific guides;joint;health","",Shrine Peptides Research Team,2024-10-29 23:29:38.428,2025-09-27 09:15:41.964,false,6,"peptides;research chemicals;peptide therapy;peptide guide;condition-specific guides;joint;health"
 a0ece97b-8add-4e78-94c7-6b885ed42d12,injection-technique-guide,"Injection Technique Guide","Injection Technique Guide","Comprehensive guide on peptide injection technique. Learn about research, benefits, safety, and protocols. Updated 2024-2025 research.","Discover everything you need to know about peptide injection technique in this comprehensive research guide. Based on the latest 2024-2025 studies and clinical research.",Safety & Protocols,"peptides;research chemicals;peptide therapy;peptide guide;safety & protocols;injection;technique","",Shrine Peptides Research Team,2024-10-27 00:09:19.282,2025-09-27 09:15:45.555,false,6,"peptides;research chemicals;peptide therapy;peptide guide;safety & protocols;injection;technique"
 ddb56bdd-2fc6-4e9d-92dc-6b1e0a85f3a8,aod-9604-fat-loss-research,"AOD-9604 Fat Loss Research","AOD-9604 Fat Loss Research","Comprehensive guide on AOD-9604 metabolism. Learn about research, benefits, safety, and protocols. Updated 2024-2025 research.","Discover everything you need to know about AOD-9604 metabolism in this comprehensive research guide. Based on the latest 2024-2025 studies and clinical research.",Peptide Deep Dives,"peptides;research chemicals;peptide therapy;peptide guide;peptide deep dives;aod-9604;loss;research","",Shrine Peptides Research Team,2024-10-20 00:39:39.997,2025-09-27 09:15:48.821,true,6,"peptides;research chemicals;peptide therapy;peptide guide;peptide deep dives;aod-9604;loss;research"
 5eb80ad8-9178-4352-8998-2c31a2095513,peptide-quality-guide,"Peptide Quality Guide","Peptide Quality Guide","Comprehensive guide on peptide quality assessment. Learn about research, benefits, safety, and protocols. Updated 2024-2025 research.","Discover everything you need to know about peptide quality assessment in this comprehensive research guide. Based on the latest 2024-2025 studies and clinical research.",Beginner Guides,"peptides;research chemicals;peptide therapy;peptide guide;beginner guides;peptide;quality","",Shrine Peptides Research Team,2024-10-18 00:25:54.094,2025-09-27 09:15:43.424,false,6,"peptides;research chemicals;peptide therapy;peptide guide;beginner guides;peptide;quality"
 16b323fe-f731-49b0-ab8f-0b6d06d61af6,liver-health-peptide-research,"Liver Health Peptide Research","Liver Health Peptide Research","Comprehensive guide on liver health peptides. Learn about research, benefits, safety, and protocols. Updated 2024-2025 research.","Discover everything you need to know about liver health peptides in this comprehensive research guide. Based on the latest 2024-2025 studies and clinical research.",Condition-Specific Guides,"peptides;research chemicals;peptide therapy;peptide guide;condition-specific guides;liver;health;peptide;research","",Shrine Peptides Research Team,2024-10-17 09:35:58.178,2025-09-27 09:15:42.569,false,6,"peptides;research chemicals;peptide therapy;peptide guide;condition-specific guides;liver;health;peptide;research"
 1c461236-61d1-41f0-adf7-d4b40f49ce26,peptide-research-ethics,"Peptide Research Ethics","Peptide Research Ethics","Comprehensive guide on peptide research ethics. Learn about research, benefits, safety, and protocols. Updated 2024-2025 research.","Discover everything you need to know about peptide research ethics in this comprehensive research guide. Based on the latest 2024-2025 studies and clinical research.",Beginner Guides,"peptides;research chemicals;peptide therapy;peptide guide;beginner guides;peptide;research;ethics","",Shrine Peptides Research Team,2024-10-16 01:42:30.587,2025-09-27 09:15:44.341,false,6,"peptides;research chemicals;peptide therapy;peptide guide;beginner guides;peptide;research;ethics"
 891afeb6-f3e3-4c76-aac2-cd70e0f5a45a,peptides-for-bone-health,"Peptides for Bone Health","Peptides for Bone Health","Comprehensive guide on bone health peptides. Learn about research, benefits, safety, and protocols. Updated 2024-2025 research.","Discover everything you need to know about bone health peptides in this comprehensive research guide. Based on the latest 2024-2025 studies and clinical research.",Condition-Specific Guides,"peptides;research chemicals;peptide therapy;peptide guide;condition-specific guides;bone;health","",Shrine Peptides Research Team,2024-10-14 05:56:57.208,2025-09-27 09:15:42.249,false,6,"peptides;research chemicals;peptide therapy;peptide guide;condition-specific guides;bone;health"
 382fb4f3-fc34-45dd-b79b-8af668d004f4,weight-loss-peptide-protocol,"Weight Loss Peptide Protocol","Weight Loss Peptide Protocol","Comprehensive guide on weight loss peptides. Learn about research, benefits, safety, and protocols. Updated 2024-2025 research.","Discover everything you need to know about weight loss peptides in this comprehensive research guide. Based on the latest 2024-2025 studies and clinical research.",Condition-Specific Guides,"peptides;research chemicals;peptide therapy;peptide guide;condition-specific guides;weight;loss;peptide;protocol","",Shrine Peptides Research Team,2024-10-13 13:49:29.207,2025-09-27 09:15:41.131,false,6,"peptides;research chemicals;peptide therapy;peptide guide;condition-specific guides;weight;loss;peptide;protocol"
 8757e125-34f6-40d1-a378-b0935c0ac317,melanotan-ii-research-guide,"Melanotan II Research Guide","Melanotan II Research Guide","Comprehensive guide on Melanotan II peptide. Learn about research, benefits, safety, and protocols. Updated 2024-2025 research.","Discover everything you need to know about Melanotan II peptide in this comprehensive research guide. Based on the latest 2024-2025 studies and clinical research.",Peptide Deep Dives,"peptides;research chemicals;peptide therapy;peptide guide;peptide deep dives;melanotan;research","",Shrine Peptides Research Team,2024-10-13 00:40:17.832,2025-09-27 09:15:40.937,false,6,"peptides;research chemicals;peptide therapy;peptide guide;peptide deep dives;melanotan;research"
 5e397dca-4af0-4973-af1b-8dc950fa4a07,understanding-peptide-types,"Understanding Peptide Types","Understanding Peptide Types","Comprehensive guide on peptide types classification. Learn about research, benefits, safety, and protocols. Updated 2024-2025 research.","Discover everything you need to know about peptide types classification in this comprehensive research guide. Based on the latest 2024-2025 studies and clinical research.",Beginner Guides,"peptides;research chemicals;peptide therapy;peptide guide;beginner guides;understanding;peptide;types","",Shrine Peptides Research Team,2024-10-10 19:39:23.488,2025-09-27 09:15:42.923,false,6,"peptides;research chemicals;peptide therapy;peptide guide;beginner guides;understanding;peptide;types"
 8236a1d3-e443-4ed6-913e-6bee151462e7,semaglutide-weight-loss-guide,"Semaglutide Weight Loss Guide","Semaglutide Weight Loss Guide","Comprehensive guide on Semaglutide GLP-1. Learn about research, benefits, safety, and protocols. Updated 2024-2025 research.","Discover everything you need to know about Semaglutide GLP-1 in this comprehensive research guide. Based on the latest 2024-2025 studies and clinical research.",Peptide Deep Dives,"peptides;research chemicals;peptide therapy;peptide guide;peptide deep dives;semaglutide;weight;loss","",Shrine Peptides Research Team,2024-10-10 10:43:09.032,2025-09-27 09:15:40.413,false,6,"peptides;research chemicals;peptide therapy;peptide guide;peptide deep dives;semaglutide;weight;loss"
 f25f2ce1-5b92-4747-874c-cff7378e15b5,peptide-receptor-science,"Peptide Receptor Science","Peptide Receptor Science","Comprehensive guide on peptide receptor mechanisms. Learn about research, benefits, safety, and protocols. Updated 2024-2025 research.","Discover everything you need to know about peptide receptor mechanisms in this comprehensive research guide. Based on the latest 2024-2025 studies and clinical research.",Advanced Topics,"peptides;research chemicals;peptide therapy;peptide guide;advanced topics;peptide;receptor;science","",Shrine Peptides Research Team,2024-10-10 09:55:21.579,2025-09-27 09:15:47.734,false,6,"peptides;research chemicals;peptide therapy;peptide guide;advanced topics;peptide;receptor;science"
 eccd7a7b-47d7-4618-997d-ca50392521f9,emergency-response-guide,"Emergency Response Guide","Emergency Response Guide","Comprehensive guide on peptide emergency protocols. Learn about research, benefits, safety, and protocols. Updated 2024-2025 research.","Discover everything you need to know about peptide emergency protocols in this comprehensive research guide. Based on the latest 2024-2025 studies and clinical research.",Safety & Protocols,"peptides;research chemicals;peptide therapy;peptide guide;safety & protocols;emergency;response","",Shrine Peptides Research Team,2024-10-08 17:32:46.855,2025-09-27 09:15:45.993,false,6,"peptides;research chemicals;peptide therapy;peptide guide;safety & protocols;emergency;response"
 3f29196a-34e6-48f4-8b35-6ddad78284b2,legal-regulatory-guide,"Legal & Regulatory Guide","Legal & Regulatory Guide","Comprehensive guide on peptide regulations. Learn about research, benefits, safety, and protocols. Updated 2024-2025 research.","Discover everything you need to know about peptide regulations in this comprehensive research guide. Based on the latest 2024-2025 studies and clinical research.",Safety & Protocols,"peptides;research chemicals;peptide therapy;peptide guide;safety & protocols;legal;regulatory","",Shrine Peptides Research Team,2024-10-08 12:19:21.054,2025-09-27 09:15:46.083,false,6,"peptides;research chemicals;peptide therapy;peptide guide;safety & protocols;legal;regulatory"
 e6bb2f96-4eca-4d4f-8bf0-ecb36a5cced1,reconstitution-guide,"Reconstitution Guide","Reconstitution Guide","Comprehensive guide on peptide reconstitution. Learn about research, benefits, safety, and protocols. Updated 2024-2025 research.","Discover everything you need to know about peptide reconstitution in this comprehensive research guide. Based on the latest 2024-2025 studies and clinical research.",Beginner Guides,"peptides;research chemicals;peptide therapy;peptide guide;beginner guides;reconstitution","",Shrine Peptides Research Team,2024-10-08 01:24:30.694,2025-09-27 09:15:43.113,false,6,"peptides;research chemicals;peptide therapy;peptide guide;beginner guides;reconstitution"
 95693c47-5f43-4573-a6bd-da842e0fde67,peptides-for-immune-support,"Peptides for Immune Support","Peptides for Immune Support","Comprehensive guide on immune support peptides. Learn about research, benefits, safety, and protocols. Updated 2024-2025 research.","Discover everything you need to know about immune support peptides in this comprehensive research guide. Based on the latest 2024-2025 studies and clinical research.",Condition-Specific Guides,"peptides;research chemicals;peptide therapy;peptide guide;condition-specific guides;immune;support","",Shrine Peptides Research Team,2024-10-07 19:19:45.457,2025-09-27 09:15:49.13,false,6,"peptides;research chemicals;peptide therapy;peptide guide;condition-specific guides;immune;support"
 5792f552-1128-4e7b-9d44-3c189bc90f8b,short-vs-long-acting-peptides,"Short vs Long Acting Peptides","Short vs Long Acting Peptides","Comprehensive guide on peptide duration comparison. Learn about research, benefits, safety, and protocols. Updated 2024-2025 research.","Discover everything you need to know about peptide duration comparison in this comprehensive research guide. Based on the latest 2024-2025 studies and clinical research.",Comparison Guides,"peptides;research chemicals;peptide therapy;peptide guide;comparison guides;short;long;acting","",Shrine Peptides Research Team,2024-10-07 06:39:55.306,2025-09-27 09:15:47.198,false,6,"peptides;research chemicals;peptide therapy;peptide guide;comparison guides;short;long;acting"
 ec6f1f13-4658-46f1-83c1-7adc8114b4dd,bpc-157-complete-guide,"BPC-157 Complete Guide","BPC-157 Complete Guide","Comprehensive guide on BPC-157 peptide. Learn about research, benefits, safety, and protocols. Updated 2024-2025 research.","Discover everything you need to know about BPC-157 peptide in this comprehensive research guide. Based on the latest 2024-2025 studies and clinical research.",Peptide Deep Dives,"peptides;research chemicals;peptide therapy;peptide guide;peptide deep dives;bpc-157","",Shrine Peptides Research Team,2024-10-06 20:30:02.297,2025-09-27 09:15:48.691,true,6,"peptides;research chemicals;peptide therapy;peptide guide;peptide deep dives;bpc-157"
 494e5108-e7fc-4999-a844-6c3af4255283,cardiovascular-peptide-research,"Cardiovascular Peptide Research","Cardiovascular Peptide Research","Comprehensive guide on cardiovascular peptides. Learn about research, benefits, safety, and protocols. Updated 2024-2025 research.","Discover everything you need to know about cardiovascular peptides in this comprehensive research guide. Based on the latest 2024-2025 studies and clinical research.",Condition-Specific Guides,"peptides;research chemicals;peptide therapy;peptide guide;condition-specific guides;cardiovascular;peptide;research","",Shrine Peptides Research Team,2024-10-06 19:50:33.276,2025-09-27 09:15:42.161,false,6,"peptides;research chemicals;peptide therapy;peptide guide;condition-specific guides;cardiovascular;peptide;research"
 f3bf6ab9-3557-428c-bdc5-ba1cf84a9ef5,cjc-1295-research-guide,"CJC-1295 Research Guide","CJC-1295 Research Guide","Comprehensive guide on CJC-1295 growth hormone. Learn about research, benefits, safety, and protocols. Updated 2024-2025 research.","Discover everything you need to know about CJC-1295 growth hormone in this comprehensive research guide. Based on the latest 2024-2025 studies and clinical research.",Peptide Deep Dives,"peptides;research chemicals;peptide therapy;peptide guide;peptide deep dives;cjc-1295;research","",Shrine Peptides Research Team,2024-10-06 15:47:14.182,2025-09-27 09:15:38.588,true,6,"peptides;research chemicals;peptide therapy;peptide guide;peptide deep dives;cjc-1295;research"
 5122a9b2-7055-40cb-b33e-3405411565b9,how-to-start-peptide-research,"How to Start Peptide Research","How to Start Peptide Research","Comprehensive guide on starting peptide research. Learn about research, benefits, safety, and protocols. Updated 2024-2025 research.","Discover everything you need to know about starting peptide research in this comprehensive research guide. Based on the latest 2024-2025 studies and clinical research.",Beginner Guides,"peptides;research chemicals;peptide therapy;peptide guide;beginner guides;start;peptide;research","",Shrine Peptides Research Team,2024-10-04 13:53:04.387,2025-09-27 09:15:43.632,false,6,"peptides;research chemicals;peptide therapy;peptide guide;beginner guides;start;peptide;research"
 019a6993-d935-4cc6-aeaa-e3d24a34a36b,ghk-cu-anti-aging-research,"GHK-Cu Anti-Aging Research","GHK-Cu Anti-Aging Research","Comprehensive guide on GHK-Cu copper peptide. Learn about research, benefits, safety, and protocols. Updated 2024-2025 research.","Discover everything you need to know about GHK-Cu copper peptide in this comprehensive research guide. Based on the latest 2024-2025 studies and clinical research.",Peptide Deep Dives,"peptides;research chemicals;peptide therapy;peptide guide;peptide deep dives;ghk-cu;anti-aging;research","",Shrine Peptides Research Team,2024-10-01 19:54:26.415,2025-09-27 09:15:38.97,true,6,"peptides;research chemicals;peptide therapy;peptide guide;peptide deep dives;ghk-cu;anti-aging;research"
 53948cb5-2699-4f48-b1be-1db423baadd3,advanced-dosing-strategies,"Advanced Dosing Strategies","Advanced Dosing Strategies","Comprehensive guide on advanced peptide dosing. Learn about research, benefits, safety, and protocols. Updated 2024-2025 research.","Discover everything you need to know about advanced peptide dosing in this comprehensive research guide. Based on the latest 2024-2025 studies and clinical research.",Advanced Topics,"peptides;research chemicals;peptide therapy;peptide guide;advanced topics;advanced;dosing;strategies","",Shrine Peptides Research Team,2024-10-01 06:29:47.221,2025-09-27 09:15:48.37,false,6,"peptides;research chemicals;peptide therapy;peptide guide;advanced topics;advanced;dosing;strategies"
 2e3ca80e-900e-406e-84d5-b197e71248a5,growth-hormone-research-summary,"Growth Hormone Research Summary","Growth Hormone Research Summary","Comprehensive guide on growth hormone peptides research. Learn about research, benefits, safety, and protocols. Updated 2024-2025 research.","Discover everything you need to know about growth hormone peptides research in this comprehensive research guide. Based on the latest 2024-2025 studies and clinical research.",Research Summaries,"peptides;research chemicals;peptide therapy;peptide guide;research summaries;growth;hormone;research;summary","",Shrine Peptides Research Team,2024-10-01 01:37:18.293,2025-09-27 09:15:44.257,false,6,"peptides;research chemicals;peptide therapy;peptide guide;research summaries;growth;hormone;research;summary"
 5efb21e4-d465-4d4a-a9eb-c4554d05cfa7,mgf-muscle-growth-study,"MGF Muscle Growth Study","MGF Muscle Growth Study","Comprehensive guide on MGF mechano growth factor. Learn about research, benefits, safety, and protocols. Updated 2024-2025 research.","Discover everything you need to know about MGF mechano growth factor in this comprehensive research guide. Based on the latest 2024-2025 studies and clinical research.",Peptide Deep Dives,"peptides;research chemicals;peptide therapy;peptide guide;peptide deep dives;muscle;growth;study","",Shrine Peptides Research Team,2024-09-30 23:28:10.254,2025-09-27 09:15:39.716,false,6,"peptides;research chemicals;peptide therapy;peptide guide;peptide deep dives;muscle;growth;study"
 1be17c17-2a75-486f-8ef0-2d50ad99a66f,ipamorelin-benefits-study,"Ipamorelin Benefits Study","Ipamorelin Benefits Study","Comprehensive guide on Ipamorelin GHRP. Learn about research, benefits, safety, and protocols. Updated 2024-2025 research.","Discover everything you need to know about Ipamorelin GHRP in this comprehensive research guide. Based on the latest 2024-2025 studies and clinical research.",Peptide Deep Dives,"peptides;research chemicals;peptide therapy;peptide guide;peptide deep dives;ipamorelin;benefits;study","",Shrine Peptides Research Team,2024-09-27 16:13:55.754,2025-09-27 09:15:38.798,true,6,"peptides;research chemicals;peptide therapy;peptide guide;peptide deep dives;ipamorelin;benefits;study"
 ea1b8bab-3d45-452a-9657-e3f215ee7a72,ghrp-2-growth-hormone-study,"GHRP-2 Growth Hormone Study","GHRP-2 Growth Hormone Study","Comprehensive guide on GHRP-2 peptide. Learn about research, benefits, safety, and protocols. Updated 2024-2025 research.","Discover everything you need to know about GHRP-2 peptide in this comprehensive research guide. Based on the latest 2024-2025 studies and clinical research.",Peptide Deep Dives,"peptides;research chemicals;peptide therapy;peptide guide;peptide deep dives;ghrp-2;growth;hormone;study","",Shrine Peptides Research Team,2024-09-27 10:30:17.484,2025-09-27 09:15:39.225,true,6,"peptides;research chemicals;peptide therapy;peptide guide;peptide deep dives;ghrp-2;growth;hormone;study"
 6aebd004-4c43-44d6-ad7e-6458ee220c82,tesamorelin-research-review,"Tesamorelin Research Review","Tesamorelin Research Review","Comprehensive guide on Tesamorelin GHRH. Learn about research, benefits, safety, and protocols. Updated 2024-2025 research.","Discover everything you need to know about Tesamorelin GHRH in this comprehensive research guide. Based on the latest 2024-2025 studies and clinical research.",Peptide Deep Dives,"peptides;research chemicals;peptide therapy;peptide guide;peptide deep dives;tesamorelin;research;review","",Shrine Peptides Research Team,2024-09-27 05:38:26.594,2025-09-27 09:15:39.349,true,6,"peptides;research chemicals;peptide therapy;peptide guide;peptide deep dives;tesamorelin;research;review"
 84f62c02-00d5-4fd6-8521-091d08d206d0,peptide-storage-handling,"Peptide Storage & Handling","Peptide Storage & Handling","Comprehensive guide on peptide storage handling. Learn about research, benefits, safety, and protocols. Updated 2024-2025 research.","Discover everything you need to know about peptide storage handling in this comprehensive research guide. Based on the latest 2024-2025 studies and clinical research.",Beginner Guides,"peptides;research chemicals;peptide therapy;peptide guide;beginner guides;peptide;storage;handling","",Shrine Peptides Research Team,2024-09-25 05:50:56.917,2025-09-27 09:15:43.031,false,6,"peptides;research chemicals;peptide therapy;peptide guide;beginner guides;peptide;storage;handling"
 0e86251a-500c-408f-93c1-70b07cb5e52d,kpv-anti-inflammatory-guide,"KPV Anti-Inflammatory Guide","KPV Anti-Inflammatory Guide","Comprehensive guide on KPV peptide inflammation. Learn about research, benefits, safety, and protocols. Updated 2024-2025 research.","Discover everything you need to know about KPV peptide inflammation in this comprehensive research guide. Based on the latest 2024-2025 studies and clinical research.",Peptide Deep Dives,"peptides;research chemicals;peptide therapy;peptide guide;peptide deep dives;anti-inflammatory","",Shrine Peptides Research Team,2024-09-23 09:18:39.091,2025-09-27 09:15:39.071,true,6,"peptides;research chemicals;peptide therapy;peptide guide;peptide deep dives;anti-inflammatory"
 9a62c6f6-0bd5-4826-9eec-ca118f9c474f,synergistic-combinations,"Synergistic Combinations","Synergistic Combinations","Comprehensive guide on synergistic peptide combinations. Learn about research, benefits, safety, and protocols. Updated 2024-2025 research.","Discover everything you need to know about synergistic peptide combinations in this comprehensive research guide. Based on the latest 2024-2025 studies and clinical research.",Advanced Topics,"peptides;research chemicals;peptide therapy;peptide guide;advanced topics;synergistic;combinations","",Shrine Peptides Research Team,2024-09-23 09:13:35.703,2025-09-27 09:15:48.085,false,6,"peptides;research chemicals;peptide therapy;peptide guide;advanced topics;synergistic;combinations"
 75f83a87-6b4b-4167-bac6-ab8aba442c4d,quality-control-standards,"Quality Control Standards","Quality Control Standards","Comprehensive guide on peptide quality control. Learn about research, benefits, safety, and protocols. Updated 2024-2025 research.","Discover everything you need to know about peptide quality control in this comprehensive research guide. Based on the latest 2024-2025 studies and clinical research.",Safety & Protocols,"peptides;research chemicals;peptide therapy;peptide guide;safety & protocols;quality;control;standards","",Shrine Peptides Research Team,2024-09-22 19:01:18.682,2025-09-27 09:15:49.766,false,6,"peptides;research chemicals;peptide therapy;peptide guide;safety & protocols;quality;control;standards"
 e78a85be-0619-451a-8154-2a330903508e,lab-equipment-for-peptides,"Lab Equipment for Peptides","Lab Equipment for Peptides","Comprehensive guide on peptide lab equipment. Learn about research, benefits, safety, and protocols. Updated 2024-2025 research.","Discover everything you need to know about peptide lab equipment in this comprehensive research guide. Based on the latest 2024-2025 studies and clinical research.",Beginner Guides,"peptides;research chemicals;peptide therapy;peptide guide;beginner guides;equipment","",Shrine Peptides Research Team,2024-09-22 18:41:00.443,2025-09-27 09:15:43.531,false,6,"peptides;research chemicals;peptide therapy;peptide guide;beginner guides;equipment"
 41d8e6ae-1f1a-4601-b9f2-0cc3650869ec,vip-peptide-research,"VIP Peptide Research","VIP Peptide Research","Comprehensive guide on VIP vasoactive intestinal. Learn about research, benefits, safety, and protocols. Updated 2024-2025 research.","Discover everything you need to know about VIP vasoactive intestinal in this comprehensive research guide. Based on the latest 2024-2025 studies and clinical research.",Peptide Deep Dives,"peptides;research chemicals;peptide therapy;peptide guide;peptide deep dives;peptide;research","",Shrine Peptides Research Team,2024-09-19 00:53:38.064,2025-09-27 09:15:40.805,false,6,"peptides;research chemicals;peptide therapy;peptide guide;peptide deep dives;peptide;research"
 b2829439-48c4-4e56-8b82-b8bd4eb94ec5,side-effects-management-guide,"Side Effects Management Guide","Side Effects Management Guide","Comprehensive guide on peptide side effects. Learn about research, benefits, safety, and protocols. Updated 2024-2025 research.","Discover everything you need to know about peptide side effects in this comprehensive research guide. Based on the latest 2024-2025 studies and clinical research.",Safety & Protocols,"peptides;research chemicals;peptide therapy;peptide guide;safety & protocols;side;effects;management","",Shrine Peptides Research Team,2024-09-18 05:27:06.382,2025-09-27 09:15:45.452,false,6,"peptides;research chemicals;peptide therapy;peptide guide;safety & protocols;side;effects;management"
 6fa7c64f-65b2-4b56-b4f2-6c52223332bf,dsip-sleep-peptide-guide,"DSIP Sleep Peptide Guide","DSIP Sleep Peptide Guide","Comprehensive guide on DSIP delta sleep peptide. Learn about research, benefits, safety, and protocols. Updated 2024-2025 research.","Discover everything you need to know about DSIP delta sleep peptide in this comprehensive research guide. Based on the latest 2024-2025 studies and clinical research.",Peptide Deep Dives,"peptides;research chemicals;peptide therapy;peptide guide;peptide deep dives;dsip;sleep;peptide","",Shrine Peptides Research Team,2024-09-17 09:32:51.966,2025-09-27 09:15:40.058,false,6,"peptides;research chemicals;peptide therapy;peptide guide;peptide deep dives;dsip;sleep;peptide"
 5258a8a9-ff14-472c-a5a6-14b5c125509e,sports-medicine-peptides,"Sports Medicine Peptides","Sports Medicine Peptides","Comprehensive guide on sports medicine peptide research. Learn about research, benefits, safety, and protocols. Updated 2024-2025 research.","Discover everything you need to know about sports medicine peptide research in this comprehensive research guide. Based on the latest 2024-2025 studies and clinical research.",Research Summaries,"peptides;research chemicals;peptide therapy;peptide guide;research summaries;sports;medicine","",Shrine Peptides Research Team,2024-09-15 08:26:09.737,2025-09-27 09:15:44.824,false,6,"peptides;research chemicals;peptide therapy;peptide guide;research summaries;sports;medicine"
 7ac8cee2-e1d5-409e-a3d1-1e0a5bacd52e,peptide-blends-vs-singles,"Peptide Blends vs Singles","Peptide Blends vs Singles","Comprehensive guide on peptide blend comparison. Learn about research, benefits, safety, and protocols. Updated 2024-2025 research.","Discover everything you need to know about peptide blend comparison in this comprehensive research guide. Based on the latest 2024-2025 studies and clinical research.",Comparison Guides,"peptides;research chemicals;peptide therapy;peptide guide;comparison guides;peptide;blends;singles","",Shrine Peptides Research Team,2024-09-13 20:16:37.874,2025-09-27 09:15:46.997,false,6,"peptides;research chemicals;peptide therapy;peptide guide;comparison guides;peptide;blends;singles"
 9be6a6d8-b495-4618-a4b4-016767db6f55,glp-1-peptides-explained,"GLP-1 Peptides Explained","GLP-1 Peptides Explained","Comprehensive guide on GLP-1 agonist peptides. Learn about research, benefits, safety, and protocols. Updated 2024-2025 research.","Discover everything you need to know about GLP-1 agonist peptides in this comprehensive research guide. Based on the latest 2024-2025 studies and clinical research.",Peptide Deep Dives,"peptides;research chemicals;peptide therapy;peptide guide;peptide deep dives;glp-1;explained","",Shrine Peptides Research Team,2024-09-11 10:20:56.776,2025-09-27 09:15:38.324,true,6,"peptides;research chemicals;peptide therapy;peptide guide;peptide deep dives;glp-1;explained"
 91691aed-5e49-4eb2-b3fe-193c4f72303a,growth-hormone-peptides-review,"Growth Hormone Peptides Review","Growth Hormone Peptides Review","Comprehensive guide on growth hormone peptide comparison. Learn about research, benefits, safety, and protocols. Updated 2024-2025 research.","Discover everything you need to know about growth hormone peptide comparison in this comprehensive research guide. Based on the latest 2024-2025 studies and clinical research.",Comparison Guides,"peptides;research chemicals;peptide therapy;peptide guide;comparison guides;growth;hormone;review","",Shrine Peptides Research Team,2024-09-05 11:37:58.184,2025-09-27 09:15:46.55,false,6,"peptides;research chemicals;peptide therapy;peptide guide;comparison guides;growth;hormone;review"
 4687d170-fcca-4476-9e4e-8be06249f474,tb-500-research-overview,"TB-500 Research Overview","TB-500 Research Overview","Comprehensive guide on TB-500 thymosin beta-4. Learn about research, benefits, safety, and protocols. Updated 2024-2025 research.","Discover everything you need to know about TB-500 thymosin beta-4 in this comprehensive research guide. Based on the latest 2024-2025 studies and clinical research.",Peptide Deep Dives,"peptides;research chemicals;peptide therapy;peptide guide;peptide deep dives;tb-500;research;overview","",Shrine Peptides Research Team,2024-09-04 02:49:16.114,2025-09-27 09:15:39.466,true,6,"peptides;research chemicals;peptide therapy;peptide guide;peptide deep dives;tb-500;research;overview"
 76d01beb-b164-4be1-8c84-178f1c476db2,longevity-peptide-research,"Longevity Peptide Research","Longevity Peptide Research","Comprehensive guide on longevity peptide studies. Learn about research, benefits, safety, and protocols. Updated 2024-2025 research.","Discover everything you need to know about longevity peptide studies in this comprehensive research guide. Based on the latest 2024-2025 studies and clinical research.",Research Summaries,"peptides;research chemicals;peptide therapy;peptide guide;research summaries;longevity;peptide;research","",Shrine Peptides Research Team,2024-08-30 18:23:41.06,2025-09-27 09:15:45.103,false,6,"peptides;research chemicals;peptide therapy;peptide guide;research summaries;longevity;peptide;research"
 def5e27b-c38c-45bc-b6b7-0a285baf9390,personalized-peptide-protocols,"Personalized Peptide Protocols","Personalized Peptide Protocols","Comprehensive guide on personalized peptide therapy. Learn about research, benefits, safety, and protocols. Updated 2024-2025 research.","Discover everything you need to know about personalized peptide therapy in this comprehensive research guide. Based on the latest 2024-2025 studies and clinical research.",Advanced Topics,"peptides;research chemicals;peptide therapy;peptide guide;advanced topics;personalized;peptide;protocols","",Shrine Peptides Research Team,2024-08-29 16:31:56.563,2025-09-27 09:15:47.86,false,6,"peptides;research chemicals;peptide therapy;peptide guide;advanced topics;personalized;peptide;protocols"
 50e8ba52-56e1-4271-9aea-81ea6a16816e,cosmetic-peptide-research,"Cosmetic Peptide Research","Cosmetic Peptide Research","Comprehensive guide on cosmetic peptide studies. Learn about research, benefits, safety, and protocols. Updated 2024-2025 research.","Discover everything you need to know about cosmetic peptide studies in this comprehensive research guide. Based on the latest 2024-2025 studies and clinical research.",Research Summaries,"peptides;research chemicals;peptide therapy;peptide guide;research summaries;cosmetic;peptide;research","",Shrine Peptides Research Team,2024-08-26 20:23:40.754,2025-09-27 09:15:44.912,false,6,"peptides;research chemicals;peptide therapy;peptide guide;research summaries;cosmetic;peptide;research"
 28a20573-3977-49ef-aa19-523cdf6fa96f,peptide-research-documentation,"Peptide Research Documentation","Peptide Research Documentation","Comprehensive guide on research documentation. Learn about research, benefits, safety, and protocols. Updated 2024-2025 research.","Discover everything you need to know about research documentation in this comprehensive research guide. Based on the latest 2024-2025 studies and clinical research.",Beginner Guides,"peptides;research chemicals;peptide therapy;peptide guide;beginner guides;peptide;research;documentation","",Shrine Peptides Research Team,2024-08-26 01:35:55.195,2025-09-27 09:15:43.978,false,6,"peptides;research chemicals;peptide therapy;peptide guide;beginner guides;peptide;research;documentation"
 6fe82cb6-f99b-4fe0-98bf-7fb374211592,peptide-dosing-basics,"Peptide Dosing Basics","Peptide Dosing Basics","Comprehensive guide on peptide dosing fundamentals. Learn about research, benefits, safety, and protocols. Updated 2024-2025 research.","Discover everything you need to know about peptide dosing fundamentals in this comprehensive research guide. Based on the latest 2024-2025 studies and clinical research.",Beginner Guides,"peptides;research chemicals;peptide therapy;peptide guide;beginner guides;peptide;dosing;basics","",Shrine Peptides Research Team,2024-08-23 07:33:26.174,2025-09-27 09:15:43.229,false,6,"peptides;research chemicals;peptide therapy;peptide guide;beginner guides;peptide;dosing;basics"
 6320d688-aa08-44c2-8a29-4cdd52451958,peptide-pharmacokinetics,"Peptide Pharmacokinetics","Peptide Pharmacokinetics","Comprehensive guide on peptide pharmacokinetics. Learn about research, benefits, safety, and protocols. Updated 2024-2025 research.","Discover everything you need to know about peptide pharmacokinetics in this comprehensive research guide. Based on the latest 2024-2025 studies and clinical research.",Advanced Topics,"peptides;research chemicals;peptide therapy;peptide guide;advanced topics;peptide;pharmacokinetics","",Shrine Peptides Research Team,2024-08-20 21:30:47.826,2025-09-27 09:15:47.979,false,6,"peptides;research chemicals;peptide therapy;peptide guide;advanced topics;peptide;pharmacokinetics"
 594f92e9-f2cf-4cd4-9a7a-a0a261b48582,peptides-101-beginner-s-guide,"Peptides 101: Beginner's Guide","Peptides 101: Beginner's Guide","Comprehensive guide on peptide basics beginners. Learn about research, benefits, safety, and protocols. Updated 2024-2025 research.","Discover everything you need to know about peptide basics beginners in this comprehensive research guide. Based on the latest 2024-2025 studies and clinical research.",Beginner Guides,"peptides;research chemicals;peptide therapy;peptide guide;beginner guides;101:;beginner's","",Shrine Peptides Research Team,2024-08-19 15:03:33.251,2025-09-27 09:15:49.236,false,6,"peptides;research chemicals;peptide therapy;peptide guide;beginner guides;101:;beginner's"
 56d9887b-9672-45c6-a545-2e70cd441e9e,epithalon-anti-aging-research,"Epithalon Anti-Aging Research","Epithalon Anti-Aging Research","Comprehensive guide on Epithalon telomerase. Learn about research, benefits, safety, and protocols. Updated 2024-2025 research.","Discover everything you need to know about Epithalon telomerase in this comprehensive research guide. Based on the latest 2024-2025 studies and clinical research.",Peptide Deep Dives,"peptides;research chemicals;peptide therapy;peptide guide;peptide deep dives;epithalon;anti-aging;research","",Shrine Peptides Research Team,2024-08-17 05:03:37.71,2025-09-27 09:15:40.162,false,6,"peptides;research chemicals;peptide therapy;peptide guide;peptide deep dives;epithalon;anti-aging;research"
 2cabd1ca-e1f3-4000-bbc0-3ebc2c5ee86e,peptides-for-wound-healing,"Peptides for Wound Healing","Peptides for Wound Healing","Comprehensive guide on wound healing peptides. Learn about research, benefits, safety, and protocols. Updated 2024-2025 research.","Discover everything you need to know about wound healing peptides in this comprehensive research guide. Based on the latest 2024-2025 studies and clinical research.",Condition-Specific Guides,"peptides;research chemicals;peptide therapy;peptide guide;condition-specific guides;wound;healing","",Shrine Peptides Research Team,2024-08-17 01:30:27.971,2025-09-27 09:15:42.058,false,6,"peptides;research chemicals;peptide therapy;peptide guide;condition-specific guides;wound;healing"
 ee8e5de7-94bd-4051-a980-4a9d81219566,skin-health-peptide-guide,"Skin Health Peptide Guide","Skin Health Peptide Guide","Comprehensive guide on skin health peptides. Learn about research, benefits, safety, and protocols. Updated 2024-2025 research.","Discover everything you need to know about skin health peptides in this comprehensive research guide. Based on the latest 2024-2025 studies and clinical research.",Condition-Specific Guides,"peptides;research chemicals;peptide therapy;peptide guide;condition-specific guides;skin;health;peptide","",Shrine Peptides Research Team,2024-08-15 02:46:49.15,2025-09-27 09:15:41.501,false,6,"peptides;research chemicals;peptide therapy;peptide guide;condition-specific guides;skin;health;peptide"
 bf84283f-a305-4db3-a8b3-43230ad1279d,peptide-cycling-guide,"Peptide Cycling Guide","Peptide Cycling Guide","Comprehensive guide on peptide cycling protocols. Learn about research, benefits, safety, and protocols. Updated 2024-2025 research.","Discover everything you need to know about peptide cycling protocols in this comprehensive research guide. Based on the latest 2024-2025 studies and clinical research.",Advanced Topics,"peptides;research chemicals;peptide therapy;peptide guide;advanced topics;peptide;cycling","",Shrine Peptides Research Team,2024-08-13 16:07:02.224,2025-09-27 09:15:47.504,false,6,"peptides;research chemicals;peptide therapy;peptide guide;advanced topics;peptide;cycling"
 584d0408-95a8-40d3-a502-c904619c9d1f,cerebrolysin-brain-health,"Cerebrolysin Brain Health","Cerebrolysin Brain Health","Comprehensive guide on Cerebrolysin neuropeptide. Learn about research, benefits, safety, and protocols. Updated 2024-2025 research.","Discover everything you need to know about Cerebrolysin neuropeptide in this comprehensive research guide. Based on the latest 2024-2025 studies and clinical research.",Peptide Deep Dives,"peptides;research chemicals;peptide therapy;peptide guide;peptide deep dives;cerebrolysin;brain;health","",Shrine Peptides Research Team,2024-08-09 03:25:34.459,2025-09-27 09:15:40.707,false,6,"peptides;research chemicals;peptide therapy;peptide guide;peptide deep dives;cerebrolysin;brain;health"
 92cf105b-1b06-494b-b614-c1ca03146786,neuropeptide-research-2024,"Neuropeptide Research 2024","Neuropeptide Research 2024","Comprehensive guide on neuropeptide studies. Learn about research, benefits, safety, and protocols. Updated 2024-2025 research.","Discover everything you need to know about neuropeptide studies in this comprehensive research guide. Based on the latest 2024-2025 studies and clinical research.",Research Summaries,"peptides;research chemicals;peptide therapy;peptide guide;research summaries;neuropeptide;research;2024","",Shrine Peptides Research Team,2024-08-08 17:25:39.488,2025-09-27 09:15:44.535,false,6,"peptides;research chemicals;peptide therapy;peptide guide;research summaries;neuropeptide;research;2024"
 a7028334-8faa-4afa-9f56-e0a608d61d36,drug-interaction-guide,"Drug Interaction Guide","Drug Interaction Guide","Comprehensive guide on peptide drug interactions. Learn about research, benefits, safety, and protocols. Updated 2024-2025 research.","Discover everything you need to know about peptide drug interactions in this comprehensive research guide. Based on the latest 2024-2025 studies and clinical research.",Safety & Protocols,"peptides;research chemicals;peptide therapy;peptide guide;safety & protocols;drug;interaction","",Shrine Peptides Research Team,2024-08-08 12:27:39.967,2025-09-27 09:15:45.75,false,6,"peptides;research chemicals;peptide therapy;peptide guide;safety & protocols;drug;interaction"
 b78db048-3e30-47db-8e77-dc2fbe5ee685,contamination-prevention,"Contamination Prevention","Contamination Prevention","Comprehensive guide on peptide contamination prevention. Learn about research, benefits, safety, and protocols. Updated 2024-2025 research.","Discover everything you need to know about peptide contamination prevention in this comprehensive research guide. Based on the latest 2024-2025 studies and clinical research.",Safety & Protocols,"peptides;research chemicals;peptide therapy;peptide guide;safety & protocols;contamination;prevention","",Shrine Peptides Research Team,2024-08-08 10:03:37.897,2025-09-27 09:15:46.649,false,6,"peptides;research chemicals;peptide therapy;peptide guide;safety & protocols;contamination;prevention"
 d7dd5183-a89a-48e8-bda5-93fd345bb198,research-protocol-design,"Research Protocol Design","Research Protocol Design","Comprehensive guide on peptide research protocols. Learn about research, benefits, safety, and protocols. Updated 2024-2025 research.","Discover everything you need to know about peptide research protocols in this comprehensive research guide. Based on the latest 2024-2025 studies and clinical research.",Safety & Protocols,"peptides;research chemicals;peptide therapy;peptide guide;safety & protocols;research;protocol;design","",Shrine Peptides Research Team,2024-08-06 06:09:36.486,2025-09-27 09:15:45.829,false,6,"peptides;research chemicals;peptide therapy;peptide guide;safety & protocols;research;protocol;design"
 5e12b528-6da5-4a2c-99f0-2f728fcd41c6,peptide-delivery-methods,"Peptide Delivery Methods","Peptide Delivery Methods","Comprehensive guide on peptide delivery comparison. Learn about research, benefits, safety, and protocols. Updated 2024-2025 research.","Discover everything you need to know about peptide delivery comparison in this comprehensive research guide. Based on the latest 2024-2025 studies and clinical research.",Comparison Guides,"peptides;research chemicals;peptide therapy;peptide guide;comparison guides;peptide;delivery;methods","",Shrine Peptides Research Team,2024-08-02 23:21:07.006,2025-09-27 09:15:47.283,false,6,"peptides;research chemicals;peptide therapy;peptide guide;comparison guides;peptide;delivery;methods"
 9cb1a9f1-c107-47b0-b50c-af363018327e,metabolic-health-peptides,"Metabolic Health Peptides","Metabolic Health Peptides","Comprehensive guide on metabolic health peptides. Learn about research, benefits, safety, and protocols. Updated 2024-2025 research.","Discover everything you need to know about metabolic health peptides in this comprehensive research guide. Based on the latest 2024-2025 studies and clinical research.",Condition-Specific Guides,"peptides;research chemicals;peptide therapy;peptide guide;condition-specific guides;metabolic;health","",Shrine Peptides Research Team,2024-08-01 15:49:17.312,2025-09-27 09:15:42.819,false,6,"peptides;research chemicals;peptide therapy;peptide guide;condition-specific guides;metabolic;health"
 d7475239-a7f6-441e-85ae-f1199ddcd7c1,anti-aging-peptide-guide,"Anti-Aging Peptide Guide","Anti-Aging Peptide Guide","Comprehensive guide on anti-aging peptides. Learn about research, benefits, safety, and protocols. Updated 2024-2025 research.","Discover everything you need to know about anti-aging peptides in this comprehensive research guide. Based on the latest 2024-2025 studies and clinical research.",Condition-Specific Guides,"peptides;research chemicals;peptide therapy;peptide guide;condition-specific guides;anti-aging;peptide","",Shrine Peptides Research Team,2024-07-30 22:05:04.138,2025-09-27 09:15:49.026,false,6,"peptides;research chemicals;peptide therapy;peptide guide;condition-specific guides;anti-aging;peptide"
 a9d2bd86-dc19-4703-a26a-fbcee0d98724,combination-therapy-research,"Combination Therapy Research","Combination Therapy Research","Comprehensive guide on peptide combination studies. Learn about research, benefits, safety, and protocols. Updated 2024-2025 research.","Discover everything you need to know about peptide combination studies in this comprehensive research guide. Based on the latest 2024-2025 studies and clinical research.",Research Summaries,"peptides;research chemicals;peptide therapy;peptide guide;research summaries;combination;therapy;research","",Shrine Peptides Research Team,2024-07-28 17:15:43.735,2025-09-27 09:15:45.285,false,6,"peptides;research chemicals;peptide therapy;peptide guide;research summaries;combination;therapy;research"
 3ab4c2d2-03ba-4432-ad54-476bb4f7a910,common-peptide-mistakes,"Common Peptide Mistakes","Common Peptide Mistakes","Comprehensive guide on peptide research mistakes. Learn about research, benefits, safety, and protocols. Updated 2024-2025 research.","Discover everything you need to know about peptide research mistakes in this comprehensive research guide. Based on the latest 2024-2025 studies and clinical research.",Beginner Guides,"peptides;research chemicals;peptide therapy;peptide guide;beginner guides;common;peptide;mistakes","",Shrine Peptides Research Team,2024-07-23 06:19:48.413,2025-09-27 09:15:43.309,false,6,"peptides;research chemicals;peptide therapy;peptide guide;beginner guides;common;peptide;mistakes"
 c7f8316e-b8a8-4c2c-b294-98bd02687c33,thymosin-alpha-1-immune-study,"Thymosin Alpha-1 Immune Study","Thymosin Alpha-1 Immune Study","Comprehensive guide on Thymosin alpha-1. Learn about research, benefits, safety, and protocols. Updated 2024-2025 research.","Discover everything you need to know about Thymosin alpha-1 in this comprehensive research guide. Based on the latest 2024-2025 studies and clinical research.",Peptide Deep Dives,"peptides;research chemicals;peptide therapy;peptide guide;peptide deep dives;thymosin;alpha-1;immune;study","",Shrine Peptides Research Team,2024-07-17 03:16:33.456,2025-09-27 09:15:39.945,false,6,"peptides;research chemicals;peptide therapy;peptide guide;peptide deep dives;thymosin;alpha-1;immune;study"
 d9eda964-9ca6-4f59-9f3e-ad91eba7f904,peptide-manufacturing-process,"Peptide Manufacturing Process","Peptide Manufacturing Process","Comprehensive guide on peptide manufacturing. Learn about research, benefits, safety, and protocols. Updated 2024-2025 research.","Discover everything you need to know about peptide manufacturing in this comprehensive research guide. Based on the latest 2024-2025 studies and clinical research.",Advanced Topics,"peptides;research chemicals;peptide therapy;peptide guide;advanced topics;peptide;manufacturing;process","",Shrine Peptides Research Team,2024-07-16 08:41:22.578,2025-09-27 09:15:49.353,false,6,"peptides;research chemicals;peptide therapy;peptide guide;advanced topics;peptide;manufacturing;process"
 da65445e-104a-4f58-9d28-6712c2cf8573,peptide-stacking-protocols,"Peptide Stacking Protocols","Peptide Stacking Protocols","Comprehensive guide on peptide stacking combinations. Learn about research, benefits, safety, and protocols. Updated 2024-2025 research.","Discover everything you need to know about peptide stacking combinations in this comprehensive research guide. Based on the latest 2024-2025 studies and clinical research.",Advanced Topics,"peptides;research chemicals;peptide therapy;peptide guide;advanced topics;peptide;stacking;protocols","",Shrine Peptides Research Team,2024-07-15 12:53:36.349,2025-09-27 09:15:49.998,false,6,"peptides;research chemicals;peptide therapy;peptide guide;advanced topics;peptide;stacking;protocols"
 a2746def-572b-4a58-8266-6aa5bcf6cb9a,analytical-testing-methods,"Analytical Testing Methods","Analytical Testing Methods","Comprehensive guide on peptide analytical testing. Learn about research, benefits, safety, and protocols. Updated 2024-2025 research.","Discover everything you need to know about peptide analytical testing in this comprehensive research guide. Based on the latest 2024-2025 studies and clinical research.",Advanced Topics,"peptides;research chemicals;peptide therapy;peptide guide;advanced topics;analytical;testing;methods","",Shrine Peptides Research Team,2024-07-14 11:55:59.544,2025-09-27 09:15:48.51,false,6,"peptides;research chemicals;peptide therapy;peptide guide;advanced topics;analytical;testing;methods"
 47267622-752e-4ec7-9ffd-402573eb2fce,reading-peptide-research-papers,"Reading Peptide Research Papers","Reading Peptide Research Papers","Comprehensive guide on understanding peptide research. Learn about research, benefits, safety, and protocols. Updated 2024-2025 research.","Discover everything you need to know about understanding peptide research in this comprehensive research guide. Based on the latest 2024-2025 studies and clinical research.",Beginner Guides,"peptides;research chemicals;peptide therapy;peptide guide;beginner guides;reading;peptide;research;papers","",Shrine Peptides Research Team,2024-07-13 07:49:03.278,2025-09-27 09:15:43.714,false,6,"peptides;research chemicals;peptide therapy;peptide guide;beginner guides;reading;peptide;research;papers"
 a3a9a2ee-8ab2-4737-8de9-317d94beb646,tirzepatide-research-update,"Tirzepatide Research Update","Tirzepatide Research Update","Comprehensive guide on Tirzepatide dual agonist. Learn about research, benefits, safety, and protocols. Updated 2024-2025 research.","Discover everything you need to know about Tirzepatide dual agonist in this comprehensive research guide. Based on the latest 2024-2025 studies and clinical research.",Peptide Deep Dives,"peptides;research chemicals;peptide therapy;peptide guide;peptide deep dives;tirzepatide;research;update","",Shrine Peptides Research Team,2024-07-08 14:01:17.676,2025-09-27 09:15:39.593,false,6,"peptides;research chemicals;peptide therapy;peptide guide;peptide deep dives;tirzepatide;research;update"
 b034e209-5657-409a-a7b6-1e18cb0a6c65,bioavailability-optimization,"Bioavailability Optimization","Bioavailability Optimization","Comprehensive guide on peptide bioavailability. Learn about research, benefits, safety, and protocols. Updated 2024-2025 research.","Discover everything you need to know about peptide bioavailability in this comprehensive research guide. Based on the latest 2024-2025 studies and clinical research.",Advanced Topics,"peptides;research chemicals;peptide therapy;peptide guide;advanced topics;bioavailability;optimization","",Shrine Peptides Research Team,2024-07-08 04:06:26.58,2025-09-27 09:15:47.63,false,6,"peptides;research chemicals;peptide therapy;peptide guide;advanced topics;bioavailability;optimization"
 dc88c13b-2e5b-4538-8fec-c1acd0e88212,hair-growth-peptide-research,"Hair Growth Peptide Research","Hair Growth Peptide Research","Comprehensive guide on hair growth peptides. Learn about research, benefits, safety, and protocols. Updated 2024-2025 research.","Discover everything you need to know about hair growth peptides in this comprehensive research guide. Based on the latest 2024-2025 studies and clinical research.",Condition-Specific Guides,"peptides;research chemicals;peptide therapy;peptide guide;condition-specific guides;hair;growth;peptide;research","",Shrine Peptides Research Team,2024-07-04 04:54:55.385,2025-09-27 09:15:41.681,false,6,"peptides;research chemicals;peptide therapy;peptide guide;condition-specific guides;hair;growth;peptide;research"
 dc883862-5f05-4892-86d6-850df5891e0a,ll-37-antimicrobial-guide,"LL-37 Antimicrobial Guide","LL-37 Antimicrobial Guide","Comprehensive guide on LL-37 cathelicidin. Learn about research, benefits, safety, and protocols. Updated 2024-2025 research.","Discover everything you need to know about LL-37 cathelicidin in this comprehensive research guide. Based on the latest 2024-2025 studies and clinical research.",Peptide Deep Dives,"peptides;research chemicals;peptide therapy;peptide guide;peptide deep dives;ll-37;antimicrobial","",Shrine Peptides Research Team,2024-07-03 03:56:24.13,2025-09-27 09:15:40.616,false,6,"peptides;research chemicals;peptide therapy;peptide guide;peptide deep dives;ll-37;antimicrobial"
 924c3b00-ee57-405d-9e62-b410a068c237,neuroprotective-peptides-guide,"Neuroprotective Peptides Guide","Neuroprotective Peptides Guide","Comprehensive guide on neuroprotective peptides. Learn about research, benefits, safety, and protocols. Updated 2024-2025 research.","Discover everything you need to know about neuroprotective peptides in this comprehensive research guide. Based on the latest 2024-2025 studies and clinical research.",Condition-Specific Guides,"peptides;research chemicals;peptide therapy;peptide guide;condition-specific guides;neuroprotective","",Shrine Peptides Research Team,2024-07-02 18:17:46.635,2025-09-27 09:15:42.371,false,6,"peptides;research chemicals;peptide therapy;peptide guide;condition-specific guides;neuroprotective"
 e636cfaf-6a1d-4879-af98-b40860d3634d,peptides-for-athletic-performance,"Peptides for Athletic Performance","Peptides for Athletic Performance","Comprehensive guide on athletic performance peptides. Learn about research, benefits, safety, and protocols. Updated 2024-2025 research.","Discover everything you need to know about athletic performance peptides in this comprehensive research guide. Based on the latest 2024-2025 studies and clinical research.",Condition-Specific Guides,"peptides;research chemicals;peptide therapy;peptide guide;condition-specific guides;athletic;performance","",Shrine Peptides Research Team,2024-07-01 23:16:08.288,2025-09-27 09:15:41.415,false,6,"peptides;research chemicals;peptide therapy;peptide guide;condition-specific guides;athletic;performance"
 5cb09061-f2ac-443c-8080-573d5a12ff6c,immune-peptides-comparison,"Immune Peptides Comparison","Immune Peptides Comparison","Comprehensive guide on immune peptide comparison. Learn about research, benefits, safety, and protocols. Updated 2024-2025 research.","Discover everything you need to know about immune peptide comparison in this comprehensive research guide. Based on the latest 2024-2025 studies and clinical research.",Comparison Guides,"peptides;research chemicals;peptide therapy;peptide guide;comparison guides;immune;comparison","",Shrine Peptides Research Team,2024-06-30 06:18:12.776,2025-09-27 09:15:46.916,false,6,"peptides;research chemicals;peptide therapy;peptide guide;comparison guides;immune;comparison"
 55957750-9604-4cf5-bf69-eaa808467086,peptide-safety-guidelines,"Peptide Safety Guidelines","Peptide Safety Guidelines","Comprehensive guide on peptide safety protocols. Learn about research, benefits, safety, and protocols. Updated 2024-2025 research.","Discover everything you need to know about peptide safety protocols in this comprehensive research guide. Based on the latest 2024-2025 studies and clinical research.",Safety & Protocols,"peptides;research chemicals;peptide therapy;peptide guide;safety & protocols;peptide;safety;guidelines","",Shrine Peptides Research Team,2024-06-29 22:38:14.062,2025-09-27 09:15:45.37,false,6,"peptides;research chemicals;peptide therapy;peptide guide;safety & protocols;peptide;safety;guidelines"
 1ad9107d-c530-4dc6-b10f-50712df9bb52,peptides-for-stress-management,"Peptides for Stress Management","Peptides for Stress Management","Comprehensive guide on stress management peptides. Learn about research, benefits, safety, and protocols. Updated 2024-2025 research.","Discover everything you need to know about stress management peptides in this comprehensive research guide. Based on the latest 2024-2025 studies and clinical research.",Condition-Specific Guides,"peptides;research chemicals;peptide therapy;peptide guide;condition-specific guides;stress;management","",Shrine Peptides Research Team,2024-06-21 09:33:07.498,2025-09-27 09:15:42.663,false,6,"peptides;research chemicals;peptide therapy;peptide guide;condition-specific guides;stress;management"
 fcb5c28c-b2fc-40de-81de-112772fda1bf,selank-anxiety-research,"Selank Anxiety Research","Selank Anxiety Research","Comprehensive guide on Selank nootropic peptide. Learn about research, benefits, safety, and protocols. Updated 2024-2025 research.","Discover everything you need to know about Selank nootropic peptide in this comprehensive research guide. Based on the latest 2024-2025 studies and clinical research.",Peptide Deep Dives,"peptides;research chemicals;peptide therapy;peptide guide;peptide deep dives;selank;anxiety;research","",Shrine Peptides Research Team,2024-06-20 01:25:12.54,2025-09-27 09:15:40.315,false,6,"peptides;research chemicals;peptide therapy;peptide guide;peptide deep dives;selank;anxiety;research"
 54a07a66-517a-4e18-852c-6f526011f5e5,healing-peptides-comparison,"Healing Peptides Comparison","Healing Peptides Comparison","Comprehensive guide on healing peptide comparison. Learn about research, benefits, safety, and protocols. Updated 2024-2025 research.","Discover everything you need to know about healing peptide comparison in this comprehensive research guide. Based on the latest 2024-2025 studies and clinical research.",Comparison Guides,"peptides;research chemicals;peptide therapy;peptide guide;comparison guides;healing;comparison","",Shrine Peptides Research Team,2024-06-19 04:32:50.639,2025-09-27 09:15:49.88,false,6,"peptides;research chemicals;peptide therapy;peptide guide;comparison guides;healing;comparison"
 1cdb157c-354c-4b7f-a795-a15d6ad0e283,peptides-for-inflammation,"Peptides for Inflammation","Peptides for Inflammation","Comprehensive guide on anti-inflammatory peptides. Learn about research, benefits, safety, and protocols. Updated 2024-2025 research.","Discover everything you need to know about anti-inflammatory peptides in this comprehensive research guide. Based on the latest 2024-2025 studies and clinical research.",Condition-Specific Guides,"peptides;research chemicals;peptide therapy;peptide guide;condition-specific guides;inflammation","",Shrine Peptides Research Team,2024-06-17 05:22:57.956,2025-09-27 09:15:41.594,false,6,"peptides;research chemicals;peptide therapy;peptide guide;condition-specific guides;inflammation"
 3a5133ca-08b1-461a-b561-491c7620dd02,understanding-peptide-purity,"Understanding Peptide Purity","Understanding Peptide Purity","Comprehensive guide on peptide purity testing. Learn about research, benefits, safety, and protocols. Updated 2024-2025 research.","Discover everything you need to know about peptide purity testing in this comprehensive research guide. Based on the latest 2024-2025 studies and clinical research.",Beginner Guides,"peptides;research chemicals;peptide therapy;peptide guide;beginner guides;understanding;peptide;purity","",Shrine Peptides Research Team,2024-06-16 15:51:12.85,2025-09-27 09:15:49.441,false,6,"peptides;research chemicals;peptide therapy;peptide guide;beginner guides;understanding;peptide;purity"
 744dd8d6-5b1b-41a4-b316-8239181de1a9,monitoring-documentation,"Monitoring & Documentation","Monitoring & Documentation","Comprehensive guide on peptide research monitoring. Learn about research, benefits, safety, and protocols. Updated 2024-2025 research.","Discover everything you need to know about peptide research monitoring in this comprehensive research guide. Based on the latest 2024-2025 studies and clinical research.",Safety & Protocols,"peptides;research chemicals;peptide therapy;peptide guide;safety & protocols;monitoring;documentation","",Shrine Peptides Research Team,2024-06-08 22:37:13.818,2025-09-27 09:15:46.256,false,6,"peptides;research chemicals;peptide therapy;peptide guide;safety & protocols;monitoring;documentation"
 72dd809d-4e54-4e1d-9583-1b053daec71c,semax-cognitive-enhancement,"Semax Cognitive Enhancement","Semax Cognitive Enhancement","Comprehensive guide on Semax brain peptide. Learn about research, benefits, safety, and protocols. Updated 2024-2025 research.","Discover everything you need to know about Semax brain peptide in this comprehensive research guide. Based on the latest 2024-2025 studies and clinical research.",Peptide Deep Dives,"peptides;research chemicals;peptide therapy;peptide guide;peptide deep dives;semax;cognitive;enhancement","",Shrine Peptides Research Team,2024-06-08 20:32:17.411,2025-09-27 09:15:48.932,false,6,"peptides;research chemicals;peptide therapy;peptide guide;peptide deep dives;semax;cognitive;enhancement"
 009a0ba2-e57c-42cc-a258-4fb1e7ef8048,gut-health-peptide-research,"Gut Health Peptide Research","Gut Health Peptide Research","Comprehensive guide on gut health peptides. Learn about research, benefits, safety, and protocols. Updated 2024-2025 research.","Discover everything you need to know about gut health peptides in this comprehensive research guide. Based on the latest 2024-2025 studies and clinical research.",Condition-Specific Guides,"peptides;research chemicals;peptide therapy;peptide guide;condition-specific guides;health;peptide;research","",Shrine Peptides Research Team,2024-06-08 08:58:03.739,2025-09-27 09:15:41.315,false,6,"peptides;research chemicals;peptide therapy;peptide guide;condition-specific guides;health;peptide;research"
 27724b3f-876f-4e74-ad4a-83fa110242e5,cognitive-peptides-review,"Cognitive Peptides Review","Cognitive Peptides Review","Comprehensive guide on cognitive peptide comparison. Learn about research, benefits, safety, and protocols. Updated 2024-2025 research.","Discover everything you need to know about cognitive peptide comparison in this comprehensive research guide. Based on the latest 2024-2025 studies and clinical research.",Comparison Guides,"peptides;research chemicals;peptide therapy;peptide guide;comparison guides;cognitive;review","",Shrine Peptides Research Team,2024-06-08 00:40:46.203,2025-09-27 09:15:46.744,false,6,"peptides;research chemicals;peptide therapy;peptide guide;comparison guides;cognitive;review"
 86e23d40-3f54-4532-846c-d1adfc61dc4c,fat-loss-peptides-compared,"Fat Loss Peptides Compared","Fat Loss Peptides Compared","Comprehensive guide on fat loss peptide comparison. Learn about research, benefits, safety, and protocols. Updated 2024-2025 research.","Discover everything you need to know about fat loss peptide comparison in this comprehensive research guide. Based on the latest 2024-2025 studies and clinical research.",Comparison Guides,"peptides;research chemicals;peptide therapy;peptide guide;comparison guides;loss;compared","",Shrine Peptides Research Team,2024-06-05 12:38:08.145,2025-09-27 09:15:46.836,false,6,"peptides;research chemicals;peptide therapy;peptide guide;comparison guides;loss;compared"
 5282b060-0c1f-4898-9066-1df30bf8f78d,glp-1-agonists-compared,"GLP-1 Agonists Compared","GLP-1 Agonists Compared","Comprehensive guide on GLP-1 peptide comparison. Learn about research, benefits, safety, and protocols. Updated 2024-2025 research.","Discover everything you need to know about GLP-1 peptide comparison in this comprehensive research guide. Based on the latest 2024-2025 studies and clinical research.",Comparison Guides,"peptides;research chemicals;peptide therapy;peptide guide;comparison guides;glp-1;agonists;compared","",Shrine Peptides Research Team,2024-06-05 07:00:38.026,2025-09-27 09:15:46.465,false,6,"peptides;research chemicals;peptide therapy;peptide guide;comparison guides;glp-1;agonists;compared"
 f513e107-f197-4e40-a639-b352520e6ea7,peptide-modification-science,"Peptide Modification Science","Peptide Modification Science","Comprehensive guide on peptide modification research. Learn about research, benefits, safety, and protocols. Updated 2024-2025 research.","Discover everything you need to know about peptide modification research in this comprehensive research guide. Based on the latest 2024-2025 studies and clinical research.",Advanced Topics,"peptides;research chemicals;peptide therapy;peptide guide;advanced topics;peptide;modification;science","",Shrine Peptides Research Team,2024-06-02 19:04:50.385,2025-09-27 09:15:48.21,false,6,"peptides;research chemicals;peptide therapy;peptide guide;advanced topics;peptide;modification;science"
 a43e17da-e46f-4c3f-902d-47be33f59436,hexarelin-growth-study,"Hexarelin Growth Study","Hexarelin Growth Study","Comprehensive guide on Hexarelin GHRP. Learn about research, benefits, safety, and protocols. Updated 2024-2025 research.","Discover everything you need to know about Hexarelin GHRP in this comprehensive research guide. Based on the latest 2024-2025 studies and clinical research.",Peptide Deep Dives,"peptides;research chemicals;peptide therapy;peptide guide;peptide deep dives;hexarelin;growth;study","",Shrine Peptides Research Team,2024-05-30 21:47:58.107,2025-09-27 09:15:40.522,false,6,"peptides;research chemicals;peptide therapy;peptide guide;peptide deep dives;hexarelin;growth;study"
 aa4ff639-fb80-44f2-a6f4-a9296c18ef7e,peptides-for-muscle-recovery,"Peptides for Muscle Recovery","Peptides for Muscle Recovery","Comprehensive guide on muscle recovery peptides. Learn about research, benefits, safety, and protocols. Updated 2024-2025 research.","Discover everything you need to know about muscle recovery peptides in this comprehensive research guide. Based on the latest 2024-2025 studies and clinical research.",Condition-Specific Guides,"peptides;research chemicals;peptide therapy;peptide guide;condition-specific guides;muscle;recovery","",Shrine Peptides Research Team,2024-05-28 14:20:27.981,2025-09-27 09:15:41.027,false,6,"peptides;research chemicals;peptide therapy;peptide guide;condition-specific guides;muscle;recovery"
 05906be4-63c0-4ef8-8198-3b13418f8559,peptides-for-sleep-quality,"Peptides for Sleep Quality","Peptides for Sleep Quality","Comprehensive guide on sleep quality peptides. Learn about research, benefits, safety, and protocols. Updated 2024-2025 research.","Discover everything you need to know about sleep quality peptides in this comprehensive research guide. Based on the latest 2024-2025 studies and clinical research.",Condition-Specific Guides,"peptides;research chemicals;peptide therapy;peptide guide;condition-specific guides;sleep;quality","",Shrine Peptides Research Team,2024-05-28 10:13:46.425,2025-09-27 09:15:41.781,false,6,"peptides;research chemicals;peptide therapy;peptide guide;condition-specific guides;sleep;quality"
 67acc9ac-702a-4558-8f0c-dd727b5327f8,bpc-157-vs-tb-500-comparison,"BPC-157 vs TB-500 Comparison","BPC-157 vs TB-500 Comparison","Comprehensive guide on BPC-157 TB-500 comparison. Learn about research, benefits, safety, and protocols. Updated 2024-2025 research.","Discover everything you need to know about BPC-157 TB-500 comparison in this comprehensive research guide. Based on the latest 2024-2025 studies and clinical research.",Comparison Guides,"peptides;research chemicals;peptide therapy;peptide guide;comparison guides;bpc-157;tb-500;comparison","",Shrine Peptides Research Team,2024-05-27 00:16:48.353,2025-09-27 09:15:46.345,false,6,"peptides;research chemicals;peptide therapy;peptide guide;comparison guides;bpc-157;tb-500;comparison"
 caa09e44-cffd-47a3-a445-eef79197d20e,future-of-peptide-research,"Future of Peptide Research","Future of Peptide Research","Comprehensive guide on future peptide developments. Learn about research, benefits, safety, and protocols. Updated 2024-2025 research.","Discover everything you need to know about future peptide developments in this comprehensive research guide. Based on the latest 2024-2025 studies and clinical research.",Advanced Topics,"peptides;research chemicals;peptide therapy;peptide guide;advanced topics;future;peptide;research","",Shrine Peptides Research Team,2024-05-25 07:23:59.746,2025-09-27 09:15:50.094,false,6,"peptides;research chemicals;peptide therapy;peptide guide;advanced topics;future;peptide;research"
 0cd55c2e-3d33-4a74-b571-5e029e6ac478,cognitive-enhancement-peptides,"Cognitive Enhancement Peptides","Cognitive Enhancement Peptides","Comprehensive guide on cognitive enhancement peptides. Learn about research, benefits, safety, and protocols. Updated 2024-2025 research.","Discover everything you need to know about cognitive enhancement peptides in this comprehensive research guide. Based on the latest 2024-2025 studies and clinical research.",Condition-Specific Guides,"peptides;research chemicals;peptide therapy;peptide guide;condition-specific guides;cognitive;enhancement","",Shrine Peptides Research Team,2024-05-23 14:56:19.566,2025-09-27 09:15:41.875,false,6,"peptides;research chemicals;peptide therapy;peptide guide;condition-specific guides;cognitive;enhancement"
 95a86f22-7463-46fc-8e11-4b765002f33a,cagrilintide-research-guide,"Cagrilintide Research Guide","Cagrilintide Research Guide","Comprehensive guide on Cagrilintide amylin analog. Learn about research, benefits, safety, and protocols. Updated 2024-2025 research.","Discover everything you need to know about Cagrilintide amylin analog in this comprehensive research guide. Based on the latest 2024-2025 studies and clinical research.",Peptide Deep Dives,"peptides;research chemicals;peptide therapy;peptide guide;peptide deep dives;cagrilintide;research","",Shrine Peptides Research Team,2024-05-21 15:35:44.816,2025-09-27 09:15:39.84,false,6,"peptides;research chemicals;peptide therapy;peptide guide;peptide deep dives;cagrilintide;research"
 20d3705d-f0ca-4cd1-92f5-829e114f1901,anti-aging-peptides-compared,"Anti-Aging Peptides Compared","Anti-Aging Peptides Compared","Comprehensive guide on anti-aging peptide comparison. Learn about research, benefits, safety, and protocols. Updated 2024-2025 research.","Discover everything you need to know about anti-aging peptide comparison in this comprehensive research guide. Based on the latest 2024-2025 studies and clinical research.",Comparison Guides,"peptides;research chemicals;peptide therapy;peptide guide;comparison guides;anti-aging;compared","",Shrine Peptides Research Team,2024-05-20 01:15:58.465,2025-09-27 09:15:47.367,false,6,"peptides;research chemicals;peptide therapy;peptide guide;comparison guides;anti-aging;compared"
 7a5d9646-85e9-4654-8256-e53131d8094d,first-peptide-research-project,"First Peptide Research Project","First Peptide Research Project","Comprehensive guide on first peptide project. Learn about research, benefits, safety, and protocols. Updated 2024-2025 research.","Discover everything you need to know about first peptide project in this comprehensive research guide. Based on the latest 2024-2025 studies and clinical research.",Beginner Guides,"peptides;research chemicals;peptide therapy;peptide guide;beginner guides;first;peptide;research;project","",Shrine Peptides Research Team,2024-05-18 15:08:04.27,2025-09-27 09:15:43.897,false,6,"peptides;research chemicals;peptide therapy;peptide guide;beginner guides;first;peptide;research;project"
 d80ad017-26e5-4d27-8dc7-319c44d9d317,peptide-terminology-guide,"Peptide Terminology Guide","Peptide Terminology Guide","Comprehensive guide on peptide terminology glossary. Learn about research, benefits, safety, and protocols. Updated 2024-2025 research.","Discover everything you need to know about peptide terminology glossary in this comprehensive research guide. Based on the latest 2024-2025 studies and clinical research.",Beginner Guides,"peptides;research chemicals;peptide therapy;peptide guide;beginner guides;peptide;terminology","",Shrine Peptides Research Team,2024-05-18 00:55:46.86,2025-09-27 09:15:43.807,false,6,"peptides;research chemicals;peptide therapy;peptide guide;beginner guides;peptide;terminology"
 f5af5bc3-2929-43a2-901b-7b8b63e646b5,lab-safety-for-peptides,"Lab Safety for Peptides","Lab Safety for Peptides","Comprehensive guide on peptide lab safety. Learn about research, benefits, safety, and protocols. Updated 2024-2025 research.","Discover everything you need to know about peptide lab safety in this comprehensive research guide. Based on the latest 2024-2025 studies and clinical research.",Safety & Protocols,"peptides;research chemicals;peptide therapy;peptide guide;safety & protocols;safety","",Shrine Peptides Research Team,2024-05-17 21:07:31.111,2025-09-27 09:15:46.172,false,6,"peptides;research chemicals;peptide therapy;peptide guide;safety & protocols;safety"
 a1a14eae-d6dd-40af-8044-408fdab4d96f,regenerative-medicine-peptides,"Regenerative Medicine Peptides","Regenerative Medicine Peptides","Comprehensive guide on regenerative medicine research. Learn about research, benefits, safety, and protocols. Updated 2024-2025 research.","Discover everything you need to know about regenerative medicine research in this comprehensive research guide. Based on the latest 2024-2025 studies and clinical research.",Research Summaries,"peptides;research chemicals;peptide therapy;peptide guide;research summaries;regenerative;medicine","",Shrine Peptides Research Team,2024-05-14 11:10:29.761,2025-09-27 09:15:49.652,false,6,"peptides;research chemicals;peptide therapy;peptide guide;research summaries;regenerative;medicine"
 3b6b30e2-3bba-4d47-8e5a-18a7ae26e64b,sterile-handling-protocols,"Sterile Handling Protocols","Sterile Handling Protocols","Comprehensive guide on sterile peptide handling. Learn about research, benefits, safety, and protocols. Updated 2024-2025 research.","Discover everything you need to know about sterile peptide handling in this comprehensive research guide. Based on the latest 2024-2025 studies and clinical research.",Safety & Protocols,"peptides;research chemicals;peptide therapy;peptide guide;safety & protocols;sterile;handling;protocols","",Shrine Peptides Research Team,2024-05-13 17:16:40.129,2025-09-27 09:15:45.656,false,6,"peptides;research chemicals;peptide therapy;peptide guide;safety & protocols;sterile;handling;protocols"
 24c5dfa6-450c-449c-a212-0c057fe0ad5e,metabolic-peptide-studies,"Metabolic Peptide Studies","Metabolic Peptide Studies","Comprehensive guide on metabolic peptide research. Learn about research, benefits, safety, and protocols. Updated 2024-2025 research.","Discover everything you need to know about metabolic peptide research in this comprehensive research guide. Based on the latest 2024-2025 studies and clinical research.",Research Summaries,"peptides;research chemicals;peptide therapy;peptide guide;research summaries;metabolic;peptide;studies","",Shrine Peptides Research Team,2024-05-12 13:01:31.229,2025-09-27 09:15:45.195,false,6,"peptides;research chemicals;peptide therapy;peptide guide;research summaries;metabolic;peptide;studies"
 0cf2ab8e-8259-4c6a-b252-14b180bcdff7,anti-aging-research-update,"Anti-Aging Research Update","Anti-Aging Research Update","Comprehensive guide on anti-aging peptide studies. Learn about research, benefits, safety, and protocols. Updated 2024-2025 research.","Discover everything you need to know about anti-aging peptide studies in this comprehensive research guide. Based on the latest 2024-2025 studies and clinical research.",Research Summaries,"peptides;research chemicals;peptide therapy;peptide guide;research summaries;anti-aging;research;update","",Shrine Peptides Research Team,2024-05-12 10:30:24.439,2025-09-27 09:15:44.435,false,6,"peptides;research chemicals;peptide therapy;peptide guide;research summaries;anti-aging;research;update"
 3be02922-581f-4d24-a4a7-e7af8bb1e871,gut-brain-peptide-studies,"Gut-Brain Peptide Studies","Gut-Brain Peptide Studies","Comprehensive guide on gut-brain axis peptides. Learn about research, benefits, safety, and protocols. Updated 2024-2025 research.","Discover everything you need to know about gut-brain axis peptides in this comprehensive research guide. Based on the latest 2024-2025 studies and clinical research.",Research Summaries,"peptides;research chemicals;peptide therapy;peptide guide;research summaries;gut-brain;peptide;studies","",Shrine Peptides Research Team,2024-05-11 15:06:38.082,2025-09-27 09:15:45.004,false,6,"peptides;research chemicals;peptide therapy;peptide guide;research summaries;gut-brain;peptide;studies"
 14892bd5-6079-46cb-a9a1-af76e95846ff,natural-vs-synthetic-peptides,"Natural vs Synthetic Peptides","Natural vs Synthetic Peptides","Comprehensive guide on natural synthetic peptide comparison. Learn about research, benefits, safety, and protocols. Updated 2024-2025 research.","Discover everything you need to know about natural synthetic peptide comparison in this comprehensive research guide. Based on the latest 2024-2025 studies and clinical research.",Comparison Guides,"peptides;research chemicals;peptide therapy;peptide guide;comparison guides;natural;synthetic","",Shrine Peptides Research Team,2024-05-09 07:07:50.479,2025-09-27 09:15:47.085,false,6,"peptides;research chemicals;peptide therapy;peptide guide;comparison guides;natural;synthetic"
 41521ab8-b022-466d-8810-8274c9aa27e0,pt-141-research-overview,"PT-141 Research Overview","PT-141 Research Overview","Comprehensive guide on PT-141 bremelanotide. Learn about research, benefits, safety, and protocols. Updated 2024-2025 research.","Discover everything you need to know about PT-141 bremelanotide in this comprehensive research guide. Based on the latest 2024-2025 studies and clinical research.",Peptide Deep Dives,"peptides;research chemicals;peptide therapy;peptide guide;peptide deep dives;pt-141;research;overview","",Shrine Peptides Research Team,2024-05-08 18:02:59.052,2025-09-27 09:15:41.21,false,6,"peptides;research chemicals;peptide therapy;peptide guide;peptide deep dives;pt-141;research;overview"
 d729f542-458a-4fe3-8c50-b2fe9a78a339,clinical-trials-update-2024,"Clinical Trials Update 2024","Clinical Trials Update 2024","Comprehensive guide on peptide clinical trials. Learn about research, benefits, safety, and protocols. Updated 2024-2025 research.","Discover everything you need to know about peptide clinical trials in this comprehensive research guide. Based on the latest 2024-2025 studies and clinical research.",Research Summaries,"peptides;research chemicals;peptide therapy;peptide guide;research summaries;clinical;trials;update;2024","",Shrine Peptides Research Team,2024-05-03 02:22:32.008,2025-09-27 09:15:44.159,false,6,"peptides;research chemicals;peptide therapy;peptide guide;research summaries;clinical;trials;update;2024"
 81b19d0a-a8b3-4d43-8a79-2eb740c245cf,peptide-biomarker-studies,"Peptide Biomarker Studies","Peptide Biomarker Studies","Comprehensive guide on peptide biomarker research. Learn about research, benefits, safety, and protocols. Updated 2024-2025 research.","Discover everything you need to know about peptide biomarker research in this comprehensive research guide. Based on the latest 2024-2025 studies and clinical research.",Research Summaries,"peptides;research chemicals;peptide therapy;peptide guide;research summaries;peptide;biomarker;studies","",Shrine Peptides Research Team,2024-05-02 06:06:02.588,2025-09-27 09:15:45.913,false,6,"peptides;research chemicals;peptide therapy;peptide guide;research summaries;peptide;biomarker;studies"
 5d7aff96-7b70-4f6e-9394-9ea27063c391,peptides-for-energy-vitality,"Peptides for Energy & Vitality","Peptides for Energy & Vitality","Comprehensive guide on energy vitality peptides. Learn about research, benefits, safety, and protocols. Updated 2024-2025 research.","Discover everything you need to know about energy vitality peptides in this comprehensive research guide. Based on the latest 2024-2025 studies and clinical research.",Condition-Specific Guides,"peptides;research chemicals;peptide therapy;peptide guide;condition-specific guides;energy;vitality","",Shrine Peptides Research Team,2024-05-01 12:38:13.877,2025-09-27 09:15:42.466,false,6,"peptides;research chemicals;peptide therapy;peptide guide;condition-specific guides;energy;vitality"

