slug,title,meta_title,meta_description,excerpt,category,tags,related_peptides,author,publish_date,last_updated,featured,read_time,keywords
healing-peptides-research,Healing Peptides Research,Healing Peptides Research,"Comprehensive guide on healing peptides studies. Learn about research, benefits, safety, and protocols. Updated 2024-2025 research.",Discover everything you need to know about healing peptides studies in this comprehensive research guide. Based on the latest 2024-2025 studies and clinical research.,Research Summaries,peptides;research chemicals;peptide therapy;peptide guide;research summaries;healing;research,,Shrine Peptides Research Team,09:07.5,15:49.5,FALSE,6,peptides;research chemicals;peptide therapy;peptide guide;research summaries;healing;research
immune-peptide-studies,Immune Peptide Studies,Immune Peptide Studies,"Comprehensive guide on immune peptide research. Learn about research, benefits, safety, and protocols. Updated 2024-2025 research.",Discover everything you need to know about immune peptide research in this comprehensive research guide. Based on the latest 2024-2025 studies and clinical research.,Research Summaries,peptides;research chemicals;peptide therapy;peptide guide;research summaries;immune;peptide;studies,,Shrine Peptides Research Team,12:50.9,15:44.7,FALSE,6,peptides;research chemicals;peptide therapy;peptide guide;research summaries;immune;peptide;studies
2024-peptide-research-review,2024 Peptide Research Review,2024 Peptide Research Review,"Comprehensive guide on 2024 peptide research. Learn about research, benefits, safety, and protocols. Updated 2024-2025 research.",Discover everything you need to know about 2024 peptide research in this comprehensive research guide. Based on the latest 2024-2025 studies and clinical research.,Research Summaries,peptides;research chemicals;peptide therapy;peptide guide;research summaries;2024;peptide;research;review,,Shrine Peptides Research Team,28:48.1,15:44.1,FALSE,6,peptides;research chemicals;peptide therapy;peptide guide;research summaries;2024;peptide;research;review
peptides-for-joint-health,Peptides for Joint Health,Peptides for Joint Health,"Comprehensive guide on joint health peptides. Learn about research, benefits, safety, and protocols. Updated 2024-2025 research.",Discover everything you need to know about joint health peptides in this comprehensive research guide. Based on the latest 2024-2025 studies and clinical research.,Condition-Specific Guides,peptides;research chemicals;peptide therapy;peptide guide;condition-specific guides;joint;health,,Shrine Peptides Research Team,29:38.4,15:42.0,FALSE,6,peptides;research chemicals;peptide therapy;peptide guide;condition-specific guides;joint;health
injection-technique-guide,Injection Technique Guide,Injection Technique Guide,"Comprehensive guide on peptide injection technique. Learn about research, benefits, safety, and protocols. Updated 2024-2025 research.",Discover everything you need to know about peptide injection technique in this comprehensive research guide. Based on the latest 2024-2025 studies and clinical research.,Safety & Protocols,peptides;research chemicals;peptide therapy;peptide guide;safety & protocols;injection;technique,,Shrine Peptides Research Team,09:19.3,15:45.6,FALSE,6,peptides;research chemicals;peptide therapy;peptide guide;safety & protocols;injection;technique
aod-9604-fat-loss-research,AOD-9604 Fat Loss Research,AOD-9604 Fat Loss Research,"Comprehensive guide on AOD-9604 metabolism. Learn about research, benefits, safety, and protocols. Updated 2024-2025 research.",Discover everything you need to know about AOD-9604 metabolism in this comprehensive research guide. Based on the latest 2024-2025 studies and clinical research.,Peptide Deep Dives,peptides;research chemicals;peptide therapy;peptide guide;peptide deep dives;aod-9604;loss;research,,Shrine Peptides Research Team,39:40.0,15:48.8,TRUE,6,peptides;research chemicals;peptide therapy;peptide guide;peptide deep dives;aod-9604;loss;research
peptide-quality-guide,Peptide Quality Guide,Peptide Quality Guide,"Comprehensive guide on peptide quality assessment. Learn about research, benefits, safety, and protocols. Updated 2024-2025 research.",Discover everything you need to know about peptide quality assessment in this comprehensive research guide. Based on the latest 2024-2025 studies and clinical research.,Beginner Guides,peptides;research chemicals;peptide therapy;peptide guide;beginner guides;peptide;quality,,Shrine Peptides Research Team,25:54.1,15:43.4,FALSE,6,peptides;research chemicals;peptide therapy;peptide guide;beginner guides;peptide;quality
liver-health-peptide-research,Liver Health Peptide Research,Liver Health Peptide Research,"Comprehensive guide on liver health peptides. Learn about research, benefits, safety, and protocols. Updated 2024-2025 research.",Discover everything you need to know about liver health peptides in this comprehensive research guide. Based on the latest 2024-2025 studies and clinical research.,Condition-Specific Guides,peptides;research chemicals;peptide therapy;peptide guide;condition-specific guides;liver;health;peptide;research,,Shrine Peptides Research Team,35:58.2,15:42.6,FALSE,6,peptides;research chemicals;peptide therapy;peptide guide;condition-specific guides;liver;health;peptide;research
peptide-research-ethics,Peptide Research Ethics,Peptide Research Ethics,"Comprehensive guide on peptide research ethics. Learn about research, benefits, safety, and protocols. Updated 2024-2025 research.",Discover everything you need to know about peptide research ethics in this comprehensive research guide. Based on the latest 2024-2025 studies and clinical research.,Beginner Guides,peptides;research chemicals;peptide therapy;peptide guide;beginner guides;peptide;research;ethics,,Shrine Peptides Research Team,42:30.6,15:44.3,FALSE,6,peptides;research chemicals;peptide therapy;peptide guide;beginner guides;peptide;research;ethics
peptides-for-bone-health,Peptides for Bone Health,Peptides for Bone Health,"Comprehensive guide on bone health peptides. Learn about research, benefits, safety, and protocols. Updated 2024-2025 research.",Discover everything you need to know about bone health peptides in this comprehensive research guide. Based on the latest 2024-2025 studies and clinical research.,Condition-Specific Guides,peptides;research chemicals;peptide therapy;peptide guide;condition-specific guides;bone;health,,Shrine Peptides Research Team,56:57.2,15:42.2,FALSE,6,peptides;research chemicals;peptide therapy;peptide guide;condition-specific guides;bone;health
weight-loss-peptide-protocol,Weight Loss Peptide Protocol,Weight Loss Peptide Protocol,"Comprehensive guide on weight loss peptides. Learn about research, benefits, safety, and protocols. Updated 2024-2025 research.",Discover everything you need to know about weight loss peptides in this comprehensive research guide. Based on the latest 2024-2025 studies and clinical research.,Condition-Specific Guides,peptides;research chemicals;peptide therapy;peptide guide;condition-specific guides;weight;loss;peptide;protocol,,Shrine Peptides Research Team,49:29.2,15:41.1,FALSE,6,peptides;research chemicals;peptide therapy;peptide guide;condition-specific guides;weight;loss;peptide;protocol
melanotan-ii-research-guide,Melanotan II Research Guide,Melanotan II Research Guide,"Comprehensive guide on Melanotan II peptide. Learn about research, benefits, safety, and protocols. Updated 2024-2025 research.",Discover everything you need to know about Melanotan II peptide in this comprehensive research guide. Based on the latest 2024-2025 studies and clinical research.,Peptide Deep Dives,peptides;research chemicals;peptide therapy;peptide guide;peptide deep dives;melanotan;research,,Shrine Peptides Research Team,40:17.8,15:40.9,FALSE,6,peptides;research chemicals;peptide therapy;peptide guide;peptide deep dives;melanotan;research
understanding-peptide-types,Understanding Peptide Types,Understanding Peptide Types,"Comprehensive guide on peptide types classification. Learn about research, benefits, safety, and protocols. Updated 2024-2025 research.",Discover everything you need to know about peptide types classification in this comprehensive research guide. Based on the latest 2024-2025 studies and clinical research.,Beginner Guides,peptides;research chemicals;peptide therapy;peptide guide;beginner guides;understanding;peptide;types,,Shrine Peptides Research Team,39:23.5,15:42.9,FALSE,6,peptides;research chemicals;peptide therapy;peptide guide;beginner guides;understanding;peptide;types
semaglutide-weight-loss-guide,Semaglutide Weight Loss Guide,Semaglutide Weight Loss Guide,"Comprehensive guide on Semaglutide GLP-1. Learn about research, benefits, safety, and protocols. Updated 2024-2025 research.",Discover everything you need to know about Semaglutide GLP-1 in this comprehensive research guide. Based on the latest 2024-2025 studies and clinical research.,Peptide Deep Dives,peptides;research chemicals;peptide therapy;peptide guide;peptide deep dives;semaglutide;weight;loss,,Shrine Peptides Research Team,43:09.0,15:40.4,FALSE,6,peptides;research chemicals;peptide therapy;peptide guide;peptide deep dives;semaglutide;weight;loss
peptide-receptor-science,Peptide Receptor Science,Peptide Receptor Science,"Comprehensive guide on peptide receptor mechanisms. Learn about research, benefits, safety, and protocols. Updated 2024-2025 research.",Discover everything you need to know about peptide receptor mechanisms in this comprehensive research guide. Based on the latest 2024-2025 studies and clinical research.,Advanced Topics,peptides;research chemicals;peptide therapy;peptide guide;advanced topics;peptide;receptor;science,,Shrine Peptides Research Team,55:21.6,15:47.7,FALSE,6,peptides;research chemicals;peptide therapy;peptide guide;advanced topics;peptide;receptor;science
emergency-response-guide,Emergency Response Guide,Emergency Response Guide,"Comprehensive guide on peptide emergency protocols. Learn about research, benefits, safety, and protocols. Updated 2024-2025 research.",Discover everything you need to know about peptide emergency protocols in this comprehensive research guide. Based on the latest 2024-2025 studies and clinical research.,Safety & Protocols,peptides;research chemicals;peptide therapy;peptide guide;safety & protocols;emergency;response,,Shrine Peptides Research Team,32:46.9,15:46.0,FALSE,6,peptides;research chemicals;peptide therapy;peptide guide;safety & protocols;emergency;response
legal-regulatory-guide,Legal & Regulatory Guide,Legal & Regulatory Guide,"Comprehensive guide on peptide regulations. Learn about research, benefits, safety, and protocols. Updated 2024-2025 research.",Discover everything you need to know about peptide regulations in this comprehensive research guide. Based on the latest 2024-2025 studies and clinical research.,Safety & Protocols,peptides;research chemicals;peptide therapy;peptide guide;safety & protocols;legal;regulatory,,Shrine Peptides Research Team,19:21.1,15:46.1,FALSE,6,peptides;research chemicals;peptide therapy;peptide guide;safety & protocols;legal;regulatory
reconstitution-guide,Reconstitution Guide,Reconstitution Guide,"Comprehensive guide on peptide reconstitution. Learn about research, benefits, safety, and protocols. Updated 2024-2025 research.",Discover everything you need to know about peptide reconstitution in this comprehensive research guide. Based on the latest 2024-2025 studies and clinical research.,Beginner Guides,peptides;research chemicals;peptide therapy;peptide guide;beginner guides;reconstitution,,Shrine Peptides Research Team,24:30.7,15:43.1,FALSE,6,peptides;research chemicals;peptide therapy;peptide guide;beginner guides;reconstitution
peptides-for-immune-support,Peptides for Immune Support,Peptides for Immune Support,"Comprehensive guide on immune support peptides. Learn about research, benefits, safety, and protocols. Updated 2024-2025 research.",Discover everything you need to know about immune support peptides in this comprehensive research guide. Based on the latest 2024-2025 studies and clinical research.,Condition-Specific Guides,peptides;research chemicals;peptide therapy;peptide guide;condition-specific guides;immune;support,,Shrine Peptides Research Team,19:45.5,15:49.1,FALSE,6,peptides;research chemicals;peptide therapy;peptide guide;condition-specific guides;immune;support
short-vs-long-acting-peptides,Short vs Long Acting Peptides,Short vs Long Acting Peptides,"Comprehensive guide on peptide duration comparison. Learn about research, benefits, safety, and protocols. Updated 2024-2025 research.",Discover everything you need to know about peptide duration comparison in this comprehensive research guide. Based on the latest 2024-2025 studies and clinical research.,Comparison Guides,peptides;research chemicals;peptide therapy;peptide guide;comparison guides;short;long;acting,,Shrine Peptides Research Team,39:55.3,15:47.2,FALSE,6,peptides;research chemicals;peptide therapy;peptide guide;comparison guides;short;long;acting
bpc-157-complete-guide,BPC-157 Complete Guide,BPC-157 Complete Guide,"Comprehensive guide on BPC-157 peptide. Learn about research, benefits, safety, and protocols. Updated 2024-2025 research.",Discover everything you need to know about BPC-157 peptide in this comprehensive research guide. Based on the latest 2024-2025 studies and clinical research.,Peptide Deep Dives,peptides;research chemicals;peptide therapy;peptide guide;peptide deep dives;bpc-157,,Shrine Peptides Research Team,30:02.3,15:48.7,TRUE,6,peptides;research chemicals;peptide therapy;peptide guide;peptide deep dives;bpc-157
cardiovascular-peptide-research,Cardiovascular Peptide Research,Cardiovascular Peptide Research,"Comprehensive guide on cardiovascular peptides. Learn about research, benefits, safety, and protocols. Updated 2024-2025 research.",Discover everything you need to know about cardiovascular peptides in this comprehensive research guide. Based on the latest 2024-2025 studies and clinical research.,Condition-Specific Guides,peptides;research chemicals;peptide therapy;peptide guide;condition-specific guides;cardiovascular;peptide;research,,Shrine Peptides Research Team,50:33.3,15:42.2,FALSE,6,peptides;research chemicals;peptide therapy;peptide guide;condition-specific guides;cardiovascular;peptide;research
cjc-1295-research-guide,CJC-1295 Research Guide,CJC-1295 Research Guide,"Comprehensive guide on CJC-1295 growth hormone. Learn about research, benefits, safety, and protocols. Updated 2024-2025 research.",Discover everything you need to know about CJC-1295 growth hormone in this comprehensive research guide. Based on the latest 2024-2025 studies and clinical research.,Peptide Deep Dives,peptides;research chemicals;peptide therapy;peptide guide;peptide deep dives;cjc-1295;research,,Shrine Peptides Research Team,47:14.2,15:38.6,TRUE,6,peptides;research chemicals;peptide therapy;peptide guide;peptide deep dives;cjc-1295;research
how-to-start-peptide-research,How to Start Peptide Research,How to Start Peptide Research,"Comprehensive guide on starting peptide research. Learn about research, benefits, safety, and protocols. Updated 2024-2025 research.",Discover everything you need to know about starting peptide research in this comprehensive research guide. Based on the latest 2024-2025 studies and clinical research.,Beginner Guides,peptides;research chemicals;peptide therapy;peptide guide;beginner guides;start;peptide;research,,Shrine Peptides Research Team,53:04.4,15:43.6,FALSE,6,peptides;research chemicals;peptide therapy;peptide guide;beginner guides;start;peptide;research
ghk-cu-anti-aging-research,GHK-Cu Anti-Aging Research,GHK-Cu Anti-Aging Research,"Comprehensive guide on GHK-Cu copper peptide. Learn about research, benefits, safety, and protocols. Updated 2024-2025 research.",Discover everything you need to know about GHK-Cu copper peptide in this comprehensive research guide. Based on the latest 2024-2025 studies and clinical research.,Peptide Deep Dives,peptides;research chemicals;peptide therapy;peptide guide;peptide deep dives;ghk-cu;anti-aging;research,,Shrine Peptides Research Team,54:26.4,15:39.0,TRUE,6,peptides;research chemicals;peptide therapy;peptide guide;peptide deep dives;ghk-cu;anti-aging;research
advanced-dosing-strategies,Advanced Dosing Strategies,Advanced Dosing Strategies,"Comprehensive guide on advanced peptide dosing. Learn about research, benefits, safety, and protocols. Updated 2024-2025 research.",Discover everything you need to know about advanced peptide dosing in this comprehensive research guide. Based on the latest 2024-2025 studies and clinical research.,Advanced Topics,peptides;research chemicals;peptide therapy;peptide guide;advanced topics;advanced;dosing;strategies,,Shrine Peptides Research Team,29:47.2,15:48.4,FALSE,6,peptides;research chemicals;peptide therapy;peptide guide;advanced topics;advanced;dosing;strategies
growth-hormone-research-summary,Growth Hormone Research Summary,Growth Hormone Research Summary,"Comprehensive guide on growth hormone peptides research. Learn about research, benefits, safety, and protocols. Updated 2024-2025 research.",Discover everything you need to know about growth hormone peptides research in this comprehensive research guide. Based on the latest 2024-2025 studies and clinical research.,Research Summaries,peptides;research chemicals;peptide therapy;peptide guide;research summaries;growth;hormone;research;summary,,Shrine Peptides Research Team,37:18.3,15:44.3,FALSE,6,peptides;research chemicals;peptide therapy;peptide guide;research summaries;growth;hormone;research;summary
mgf-muscle-growth-study,MGF Muscle Growth Study,MGF Muscle Growth Study,"Comprehensive guide on MGF mechano growth factor. Learn about research, benefits, safety, and protocols. Updated 2024-2025 research.",Discover everything you need to know about MGF mechano growth factor in this comprehensive research guide. Based on the latest 2024-2025 studies and clinical research.,Peptide Deep Dives,peptides;research chemicals;peptide therapy;peptide guide;peptide deep dives;muscle;growth;study,,Shrine Peptides Research Team,28:10.3,15:39.7,FALSE,6,peptides;research chemicals;peptide therapy;peptide guide;peptide deep dives;muscle;growth;study
ipamorelin-benefits-study,Ipamorelin Benefits Study,Ipamorelin Benefits Study,"Comprehensive guide on Ipamorelin GHRP. Learn about research, benefits, safety, and protocols. Updated 2024-2025 research.",Discover everything you need to know about Ipamorelin GHRP in this comprehensive research guide. Based on the latest 2024-2025 studies and clinical research.,Peptide Deep Dives,peptides;research chemicals;peptide therapy;peptide guide;peptide deep dives;ipamorelin;benefits;study,,Shrine Peptides Research Team,13:55.8,15:38.8,TRUE,6,peptides;research chemicals;peptide therapy;peptide guide;peptide deep dives;ipamorelin;benefits;study
ghrp-2-growth-hormone-study,GHRP-2 Growth Hormone Study,GHRP-2 Growth Hormone Study,"Comprehensive guide on GHRP-2 peptide. Learn about research, benefits, safety, and protocols. Updated 2024-2025 research.",Discover everything you need to know about GHRP-2 peptide in this comprehensive research guide. Based on the latest 2024-2025 studies and clinical research.,Peptide Deep Dives,peptides;research chemicals;peptide therapy;peptide guide;peptide deep dives;ghrp-2;growth;hormone;study,,Shrine Peptides Research Team,30:17.5,15:39.2,TRUE,6,peptides;research chemicals;peptide therapy;peptide guide;peptide deep dives;ghrp-2;growth;hormone;study
tesamorelin-research-review,Tesamorelin Research Review,Tesamorelin Research Review,"Comprehensive guide on Tesamorelin GHRH. Learn about research, benefits, safety, and protocols. Updated 2024-2025 research.",Discover everything you need to know about Tesamorelin GHRH in this comprehensive research guide. Based on the latest 2024-2025 studies and clinical research.,Peptide Deep Dives,peptides;research chemicals;peptide therapy;peptide guide;peptide deep dives;tesamorelin;research;review,,Shrine Peptides Research Team,38:26.6,15:39.3,TRUE,6,peptides;research chemicals;peptide therapy;peptide guide;peptide deep dives;tesamorelin;research;review
peptide-storage-handling,Peptide Storage & Handling,Peptide Storage & Handling,"Comprehensive guide on peptide storage handling. Learn about research, benefits, safety, and protocols. Updated 2024-2025 research.",Discover everything you need to know about peptide storage handling in this comprehensive research guide. Based on the latest 2024-2025 studies and clinical research.,Beginner Guides,peptides;research chemicals;peptide therapy;peptide guide;beginner guides;peptide;storage;handling,,Shrine Peptides Research Team,50:56.9,15:43.0,FALSE,6,peptides;research chemicals;peptide therapy;peptide guide;beginner guides;peptide;storage;handling
kpv-anti-inflammatory-guide,KPV Anti-Inflammatory Guide,KPV Anti-Inflammatory Guide,"Comprehensive guide on KPV peptide inflammation. Learn about research, benefits, safety, and protocols. Updated 2024-2025 research.",Discover everything you need to know about KPV peptide inflammation in this comprehensive research guide. Based on the latest 2024-2025 studies and clinical research.,Peptide Deep Dives,peptides;research chemicals;peptide therapy;peptide guide;peptide deep dives;anti-inflammatory,,Shrine Peptides Research Team,18:39.1,15:39.1,TRUE,6,peptides;research chemicals;peptide therapy;peptide guide;peptide deep dives;anti-inflammatory
synergistic-combinations,Synergistic Combinations,Synergistic Combinations,"Comprehensive guide on synergistic peptide combinations. Learn about research, benefits, safety, and protocols. Updated 2024-2025 research.",Discover everything you need to know about synergistic peptide combinations in this comprehensive research guide. Based on the latest 2024-2025 studies and clinical research.,Advanced Topics,peptides;research chemicals;peptide therapy;peptide guide;advanced topics;synergistic;combinations,,Shrine Peptides Research Team,13:35.7,15:48.1,FALSE,6,peptides;research chemicals;peptide therapy;peptide guide;advanced topics;synergistic;combinations
quality-control-standards,Quality Control Standards,Quality Control Standards,"Comprehensive guide on peptide quality control. Learn about research, benefits, safety, and protocols. Updated 2024-2025 research.",Discover everything you need to know about peptide quality control in this comprehensive research guide. Based on the latest 2024-2025 studies and clinical research.,Safety & Protocols,peptides;research chemicals;peptide therapy;peptide guide;safety & protocols;quality;control;standards,,Shrine Peptides Research Team,01:18.7,15:49.8,FALSE,6,peptides;research chemicals;peptide therapy;peptide guide;safety & protocols;quality;control;standards
lab-equipment-for-peptides,Lab Equipment for Peptides,Lab Equipment for Peptides,"Comprehensive guide on peptide lab equipment. Learn about research, benefits, safety, and protocols. Updated 2024-2025 research.",Discover everything you need to know about peptide lab equipment in this comprehensive research guide. Based on the latest 2024-2025 studies and clinical research.,Beginner Guides,peptides;research chemicals;peptide therapy;peptide guide;beginner guides;equipment,,Shrine Peptides Research Team,41:00.4,15:43.5,FALSE,6,peptides;research chemicals;peptide therapy;peptide guide;beginner guides;equipment
vip-peptide-research,VIP Peptide Research,VIP Peptide Research,"Comprehensive guide on VIP vasoactive intestinal. Learn about research, benefits, safety, and protocols. Updated 2024-2025 research.",Discover everything you need to know about VIP vasoactive intestinal in this comprehensive research guide. Based on the latest 2024-2025 studies and clinical research.,Peptide Deep Dives,peptides;research chemicals;peptide therapy;peptide guide;peptide deep dives;peptide;research,,Shrine Peptides Research Team,53:38.1,15:40.8,FALSE,6,peptides;research chemicals;peptide therapy;peptide guide;peptide deep dives;peptide;research
side-effects-management-guide,Side Effects Management Guide,Side Effects Management Guide,"Comprehensive guide on peptide side effects. Learn about research, benefits, safety, and protocols. Updated 2024-2025 research.",Discover everything you need to know about peptide side effects in this comprehensive research guide. Based on the latest 2024-2025 studies and clinical research.,Safety & Protocols,peptides;research chemicals;peptide therapy;peptide guide;safety & protocols;side;effects;management,,Shrine Peptides Research Team,27:06.4,15:45.5,FALSE,6,peptides;research chemicals;peptide therapy;peptide guide;safety & protocols;side;effects;management
dsip-sleep-peptide-guide,DSIP Sleep Peptide Guide,DSIP Sleep Peptide Guide,"Comprehensive guide on DSIP delta sleep peptide. Learn about research, benefits, safety, and protocols. Updated 2024-2025 research.",Discover everything you need to know about DSIP delta sleep peptide in this comprehensive research guide. Based on the latest 2024-2025 studies and clinical research.,Peptide Deep Dives,peptides;research chemicals;peptide therapy;peptide guide;peptide deep dives;dsip;sleep;peptide,,Shrine Peptides Research Team,32:52.0,15:40.1,FALSE,6,peptides;research chemicals;peptide therapy;peptide guide;peptide deep dives;dsip;sleep;peptide
sports-medicine-peptides,Sports Medicine Peptides,Sports Medicine Peptides,"Comprehensive guide on sports medicine peptide research. Learn about research, benefits, safety, and protocols. Updated 2024-2025 research.",Discover everything you need to know about sports medicine peptide research in this comprehensive research guide. Based on the latest 2024-2025 studies and clinical research.,Research Summaries,peptides;research chemicals;peptide therapy;peptide guide;research summaries;sports;medicine,,Shrine Peptides Research Team,26:09.7,15:44.8,FALSE,6,peptides;research chemicals;peptide therapy;peptide guide;research summaries;sports;medicine
peptide-blends-vs-singles,Peptide Blends vs Singles,Peptide Blends vs Singles,"Comprehensive guide on peptide blend comparison. Learn about research, benefits, safety, and protocols. Updated 2024-2025 research.",Discover everything you need to know about peptide blend comparison in this comprehensive research guide. Based on the latest 2024-2025 studies and clinical research.,Comparison Guides,peptides;research chemicals;peptide therapy;peptide guide;comparison guides;peptide;blends;singles,,Shrine Peptides Research Team,16:37.9,15:47.0,FALSE,6,peptides;research chemicals;peptide therapy;peptide guide;comparison guides;peptide;blends;singles
glp-1-peptides-explained,GLP-1 Peptides Explained,GLP-1 Peptides Explained,"Comprehensive guide on GLP-1 agonist peptides. Learn about research, benefits, safety, and protocols. Updated 2024-2025 research.",Discover everything you need to know about GLP-1 agonist peptides in this comprehensive research guide. Based on the latest 2024-2025 studies and clinical research.,Peptide Deep Dives,peptides;research chemicals;peptide therapy;peptide guide;peptide deep dives;glp-1;explained,,Shrine Peptides Research Team,20:56.8,15:38.3,TRUE,6,peptides;research chemicals;peptide therapy;peptide guide;peptide deep dives;glp-1;explained
growth-hormone-peptides-review,Growth Hormone Peptides Review,Growth Hormone Peptides Review,"Comprehensive guide on growth hormone peptide comparison. Learn about research, benefits, safety, and protocols. Updated 2024-2025 research.",Discover everything you need to know about growth hormone peptide comparison in this comprehensive research guide. Based on the latest 2024-2025 studies and clinical research.,Comparison Guides,peptides;research chemicals;peptide therapy;peptide guide;comparison guides;growth;hormone;review,,Shrine Peptides Research Team,37:58.2,15:46.5,FALSE,6,peptides;research chemicals;peptide therapy;peptide guide;comparison guides;growth;hormone;review
tb-500-research-overview,TB-500 Research Overview,TB-500 Research Overview,"Comprehensive guide on TB-500 thymosin beta-4. Learn about research, benefits, safety, and protocols. Updated 2024-2025 research.",Discover everything you need to know about TB-500 thymosin beta-4 in this comprehensive research guide. Based on the latest 2024-2025 studies and clinical research.,Peptide Deep Dives,peptides;research chemicals;peptide therapy;peptide guide;peptide deep dives;tb-500;research;overview,,Shrine Peptides Research Team,49:16.1,15:39.5,TRUE,6,peptides;research chemicals;peptide therapy;peptide guide;peptide deep dives;tb-500;research;overview
longevity-peptide-research,Longevity Peptide Research,Longevity Peptide Research,"Comprehensive guide on longevity peptide studies. Learn about research, benefits, safety, and protocols. Updated 2024-2025 research.",Discover everything you need to know about longevity peptide studies in this comprehensive research guide. Based on the latest 2024-2025 studies and clinical research.,Research Summaries,peptides;research chemicals;peptide therapy;peptide guide;research summaries;longevity;peptide;research,,Shrine Peptides Research Team,23:41.1,15:45.1,FALSE,6,peptides;research chemicals;peptide therapy;peptide guide;research summaries;longevity;peptide;research
personalized-peptide-protocols,Personalized Peptide Protocols,Personalized Peptide Protocols,"Comprehensive guide on personalized peptide therapy. Learn about research, benefits, safety, and protocols. Updated 2024-2025 research.",Discover everything you need to know about personalized peptide therapy in this comprehensive research guide. Based on the latest 2024-2025 studies and clinical research.,Advanced Topics,peptides;research chemicals;peptide therapy;peptide guide;advanced topics;personalized;peptide;protocols,,Shrine Peptides Research Team,31:56.6,15:47.9,FALSE,6,peptides;research chemicals;peptide therapy;peptide guide;advanced topics;personalized;peptide;protocols
cosmetic-peptide-research,Cosmetic Peptide Research,Cosmetic Peptide Research,"Comprehensive guide on cosmetic peptide studies. Learn about research, benefits, safety, and protocols. Updated 2024-2025 research.",Discover everything you need to know about cosmetic peptide studies in this comprehensive research guide. Based on the latest 2024-2025 studies and clinical research.,Research Summaries,peptides;research chemicals;peptide therapy;peptide guide;research summaries;cosmetic;peptide;research,,Shrine Peptides Research Team,23:40.8,15:44.9,FALSE,6,peptides;research chemicals;peptide therapy;peptide guide;research summaries;cosmetic;peptide;research
peptide-research-documentation,Peptide Research Documentation,Peptide Research Documentation,"Comprehensive guide on research documentation. Learn about research, benefits, safety, and protocols. Updated 2024-2025 research.",Discover everything you need to know about research documentation in this comprehensive research guide. Based on the latest 2024-2025 studies and clinical research.,Beginner Guides,peptides;research chemicals;peptide therapy;peptide guide;beginner guides;peptide;research;documentation,,Shrine Peptides Research Team,35:55.2,15:44.0,FALSE,6,peptides;research chemicals;peptide therapy;peptide guide;beginner guides;peptide;research;documentation
peptide-dosing-basics,Peptide Dosing Basics,Peptide Dosing Basics,"Comprehensive guide on peptide dosing fundamentals. Learn about research, benefits, safety, and protocols. Updated 2024-2025 research.",Discover everything you need to know about peptide dosing fundamentals in this comprehensive research guide. Based on the latest 2024-2025 studies and clinical research.,Beginner Guides,peptides;research chemicals;peptide therapy;peptide guide;beginner guides;peptide;dosing;basics,,Shrine Peptides Research Team,33:26.2,15:43.2,FALSE,6,peptides;research chemicals;peptide therapy;peptide guide;beginner guides;peptide;dosing;basics
peptide-pharmacokinetics,Peptide Pharmacokinetics,Peptide Pharmacokinetics,"Comprehensive guide on peptide pharmacokinetics. Learn about research, benefits, safety, and protocols. Updated 2024-2025 research.",Discover everything you need to know about peptide pharmacokinetics in this comprehensive research guide. Based on the latest 2024-2025 studies and clinical research.,Advanced Topics,peptides;research chemicals;peptide therapy;peptide guide;advanced topics;peptide;pharmacokinetics,,Shrine Peptides Research Team,30:47.8,15:48.0,FALSE,6,peptides;research chemicals;peptide therapy;peptide guide;advanced topics;peptide;pharmacokinetics
peptides-101-beginner-s-guide,Peptides 101: Beginner's Guide,Peptides 101: Beginner's Guide,"Comprehensive guide on peptide basics beginners. Learn about research, benefits, safety, and protocols. Updated 2024-2025 research.",Discover everything you need to know about peptide basics beginners in this comprehensive research guide. Based on the latest 2024-2025 studies and clinical research.,Beginner Guides,peptides;research chemicals;peptide therapy;peptide guide;beginner guides;101:;beginner's,,Shrine Peptides Research Team,03:33.3,15:49.2,FALSE,6,peptides;research chemicals;peptide therapy;peptide guide;beginner guides;101:;beginner's
epithalon-anti-aging-research,Epithalon Anti-Aging Research,Epithalon Anti-Aging Research,"Comprehensive guide on Epithalon telomerase. Learn about research, benefits, safety, and protocols. Updated 2024-2025 research.",Discover everything you need to know about Epithalon telomerase in this comprehensive research guide. Based on the latest 2024-2025 studies and clinical research.,Peptide Deep Dives,peptides;research chemicals;peptide therapy;peptide guide;peptide deep dives;epithalon;anti-aging;research,,Shrine Peptides Research Team,03:37.7,15:40.2,FALSE,6,peptides;research chemicals;peptide therapy;peptide guide;peptide deep dives;epithalon;anti-aging;research
peptides-for-wound-healing,Peptides for Wound Healing,Peptides for Wound Healing,"Comprehensive guide on wound healing peptides. Learn about research, benefits, safety, and protocols. Updated 2024-2025 research.",Discover everything you need to know about wound healing peptides in this comprehensive research guide. Based on the latest 2024-2025 studies and clinical research.,Condition-Specific Guides,peptides;research chemicals;peptide therapy;peptide guide;condition-specific guides;wound;healing,,Shrine Peptides Research Team,30:28.0,15:42.1,FALSE,6,peptides;research chemicals;peptide therapy;peptide guide;condition-specific guides;wound;healing
skin-health-peptide-guide,Skin Health Peptide Guide,Skin Health Peptide Guide,"Comprehensive guide on skin health peptides. Learn about research, benefits, safety, and protocols. Updated 2024-2025 research.",Discover everything you need to know about skin health peptides in this comprehensive research guide. Based on the latest 2024-2025 studies and clinical research.,Condition-Specific Guides,peptides;research chemicals;peptide therapy;peptide guide;condition-specific guides;skin;health;peptide,,Shrine Peptides Research Team,46:49.1,15:41.5,FALSE,6,peptides;research chemicals;peptide therapy;peptide guide;condition-specific guides;skin;health;peptide
peptide-cycling-guide,Peptide Cycling Guide,Peptide Cycling Guide,"Comprehensive guide on peptide cycling protocols. Learn about research, benefits, safety, and protocols. Updated 2024-2025 research.",Discover everything you need to know about peptide cycling protocols in this comprehensive research guide. Based on the latest 2024-2025 studies and clinical research.,Advanced Topics,peptides;research chemicals;peptide therapy;peptide guide;advanced topics;peptide;cycling,,Shrine Peptides Research Team,07:02.2,15:47.5,FALSE,6,peptides;research chemicals;peptide therapy;peptide guide;advanced topics;peptide;cycling
cerebrolysin-brain-health,Cerebrolysin Brain Health,Cerebrolysin Brain Health,"Comprehensive guide on Cerebrolysin neuropeptide. Learn about research, benefits, safety, and protocols. Updated 2024-2025 research.",Discover everything you need to know about Cerebrolysin neuropeptide in this comprehensive research guide. Based on the latest 2024-2025 studies and clinical research.,Peptide Deep Dives,peptides;research chemicals;peptide therapy;peptide guide;peptide deep dives;cerebrolysin;brain;health,,Shrine Peptides Research Team,25:34.5,15:40.7,FALSE,6,peptides;research chemicals;peptide therapy;peptide guide;peptide deep dives;cerebrolysin;brain;health
neuropeptide-research-2024,Neuropeptide Research 2024,Neuropeptide Research 2024,"Comprehensive guide on neuropeptide studies. Learn about research, benefits, safety, and protocols. Updated 2024-2025 research.",Discover everything you need to know about neuropeptide studies in this comprehensive research guide. Based on the latest 2024-2025 studies and clinical research.,Research Summaries,peptides;research chemicals;peptide therapy;peptide guide;research summaries;neuropeptide;research;2024,,Shrine Peptides Research Team,25:39.5,15:44.5,FALSE,6,peptides;research chemicals;peptide therapy;peptide guide;research summaries;neuropeptide;research;2024
drug-interaction-guide,Drug Interaction Guide,Drug Interaction Guide,"Comprehensive guide on peptide drug interactions. Learn about research, benefits, safety, and protocols. Updated 2024-2025 research.",Discover everything you need to know about peptide drug interactions in this comprehensive research guide. Based on the latest 2024-2025 studies and clinical research.,Safety & Protocols,peptides;research chemicals;peptide therapy;peptide guide;safety & protocols;drug;interaction,,Shrine Peptides Research Team,27:40.0,15:45.7,FALSE,6,peptides;research chemicals;peptide therapy;peptide guide;safety & protocols;drug;interaction
contamination-prevention,Contamination Prevention,Contamination Prevention,"Comprehensive guide on peptide contamination prevention. Learn about research, benefits, safety, and protocols. Updated 2024-2025 research.",Discover everything you need to know about peptide contamination prevention in this comprehensive research guide. Based on the latest 2024-2025 studies and clinical research.,Safety & Protocols,peptides;research chemicals;peptide therapy;peptide guide;safety & protocols;contamination;prevention,,Shrine Peptides Research Team,03:37.9,15:46.6,FALSE,6,peptides;research chemicals;peptide therapy;peptide guide;safety & protocols;contamination;prevention
research-protocol-design,Research Protocol Design,Research Protocol Design,"Comprehensive guide on peptide research protocols. Learn about research, benefits, safety, and protocols. Updated 2024-2025 research.",Discover everything you need to know about peptide research protocols in this comprehensive research guide. Based on the latest 2024-2025 studies and clinical research.,Safety & Protocols,peptides;research chemicals;peptide therapy;peptide guide;safety & protocols;research;protocol;design,,Shrine Peptides Research Team,09:36.5,15:45.8,FALSE,6,peptides;research chemicals;peptide therapy;peptide guide;safety & protocols;research;protocol;design
peptide-delivery-methods,Peptide Delivery Methods,Peptide Delivery Methods,"Comprehensive guide on peptide delivery comparison. Learn about research, benefits, safety, and protocols. Updated 2024-2025 research.",Discover everything you need to know about peptide delivery comparison in this comprehensive research guide. Based on the latest 2024-2025 studies and clinical research.,Comparison Guides,peptides;research chemicals;peptide therapy;peptide guide;comparison guides;peptide;delivery;methods,,Shrine Peptides Research Team,21:07.0,15:47.3,FALSE,6,peptides;research chemicals;peptide therapy;peptide guide;comparison guides;peptide;delivery;methods
metabolic-health-peptides,Metabolic Health Peptides,Metabolic Health Peptides,"Comprehensive guide on metabolic health peptides. Learn about research, benefits, safety, and protocols. Updated 2024-2025 research.",Discover everything you need to know about metabolic health peptides in this comprehensive research guide. Based on the latest 2024-2025 studies and clinical research.,Condition-Specific Guides,peptides;research chemicals;peptide therapy;peptide guide;condition-specific guides;metabolic;health,,Shrine Peptides Research Team,49:17.3,15:42.8,FALSE,6,peptides;research chemicals;peptide therapy;peptide guide;condition-specific guides;metabolic;health
anti-aging-peptide-guide,Anti-Aging Peptide Guide,Anti-Aging Peptide Guide,"Comprehensive guide on anti-aging peptides. Learn about research, benefits, safety, and protocols. Updated 2024-2025 research.",Discover everything you need to know about anti-aging peptides in this comprehensive research guide. Based on the latest 2024-2025 studies and clinical research.,Condition-Specific Guides,peptides;research chemicals;peptide therapy;peptide guide;condition-specific guides;anti-aging;peptide,,Shrine Peptides Research Team,05:04.1,15:49.0,FALSE,6,peptides;research chemicals;peptide therapy;peptide guide;condition-specific guides;anti-aging;peptide
combination-therapy-research,Combination Therapy Research,Combination Therapy Research,"Comprehensive guide on peptide combination studies. Learn about research, benefits, safety, and protocols. Updated 2024-2025 research.",Discover everything you need to know about peptide combination studies in this comprehensive research guide. Based on the latest 2024-2025 studies and clinical research.,Research Summaries,peptides;research chemicals;peptide therapy;peptide guide;research summaries;combination;therapy;research,,Shrine Peptides Research Team,15:43.7,15:45.3,FALSE,6,peptides;research chemicals;peptide therapy;peptide guide;research summaries;combination;therapy;research
common-peptide-mistakes,Common Peptide Mistakes,Common Peptide Mistakes,"Comprehensive guide on peptide research mistakes. Learn about research, benefits, safety, and protocols. Updated 2024-2025 research.",Discover everything you need to know about peptide research mistakes in this comprehensive research guide. Based on the latest 2024-2025 studies and clinical research.,Beginner Guides,peptides;research chemicals;peptide therapy;peptide guide;beginner guides;common;peptide;mistakes,,Shrine Peptides Research Team,19:48.4,15:43.3,FALSE,6,peptides;research chemicals;peptide therapy;peptide guide;beginner guides;common;peptide;mistakes
thymosin-alpha-1-immune-study,Thymosin Alpha-1 Immune Study,Thymosin Alpha-1 Immune Study,"Comprehensive guide on Thymosin alpha-1. Learn about research, benefits, safety, and protocols. Updated 2024-2025 research.",Discover everything you need to know about Thymosin alpha-1 in this comprehensive research guide. Based on the latest 2024-2025 studies and clinical research.,Peptide Deep Dives,peptides;research chemicals;peptide therapy;peptide guide;peptide deep dives;thymosin;alpha-1;immune;study,,Shrine Peptides Research Team,16:33.5,15:39.9,FALSE,6,peptides;research chemicals;peptide therapy;peptide guide;peptide deep dives;thymosin;alpha-1;immune;study
peptide-manufacturing-process,Peptide Manufacturing Process,Peptide Manufacturing Process,"Comprehensive guide on peptide manufacturing. Learn about research, benefits, safety, and protocols. Updated 2024-2025 research.",Discover everything you need to know about peptide manufacturing in this comprehensive research guide. Based on the latest 2024-2025 studies and clinical research.,Advanced Topics,peptides;research chemicals;peptide therapy;peptide guide;advanced topics;peptide;manufacturing;process,,Shrine Peptides Research Team,41:22.6,15:49.4,FALSE,6,peptides;research chemicals;peptide therapy;peptide guide;advanced topics;peptide;manufacturing;process
peptide-stacking-protocols,Peptide Stacking Protocols,Peptide Stacking Protocols,"Comprehensive guide on peptide stacking combinations. Learn about research, benefits, safety, and protocols. Updated 2024-2025 research.",Discover everything you need to know about peptide stacking combinations in this comprehensive research guide. Based on the latest 2024-2025 studies and clinical research.,Advanced Topics,peptides;research chemicals;peptide therapy;peptide guide;advanced topics;peptide;stacking;protocols,,Shrine Peptides Research Team,53:36.3,15:50.0,FALSE,6,peptides;research chemicals;peptide therapy;peptide guide;advanced topics;peptide;stacking;protocols
analytical-testing-methods,Analytical Testing Methods,Analytical Testing Methods,"Comprehensive guide on peptide analytical testing. Learn about research, benefits, safety, and protocols. Updated 2024-2025 research.",Discover everything you need to know about peptide analytical testing in this comprehensive research guide. Based on the latest 2024-2025 studies and clinical research.,Advanced Topics,peptides;research chemicals;peptide therapy;peptide guide;advanced topics;analytical;testing;methods,,Shrine Peptides Research Team,55:59.5,15:48.5,FALSE,6,peptides;research chemicals;peptide therapy;peptide guide;advanced topics;analytical;testing;methods
reading-peptide-research-papers,Reading Peptide Research Papers,Reading Peptide Research Papers,"Comprehensive guide on understanding peptide research. Learn about research, benefits, safety, and protocols. Updated 2024-2025 research.",Discover everything you need to know about understanding peptide research in this comprehensive research guide. Based on the latest 2024-2025 studies and clinical research.,Beginner Guides,peptides;research chemicals;peptide therapy;peptide guide;beginner guides;reading;peptide;research;papers,,Shrine Peptides Research Team,49:03.3,15:43.7,FALSE,6,peptides;research chemicals;peptide therapy;peptide guide;beginner guides;reading;peptide;research;papers
tirzepatide-research-update,Tirzepatide Research Update,Tirzepatide Research Update,"Comprehensive guide on Tirzepatide dual agonist. Learn about research, benefits, safety, and protocols. Updated 2024-2025 research.",Discover everything you need to know about Tirzepatide dual agonist in this comprehensive research guide. Based on the latest 2024-2025 studies and clinical research.,Peptide Deep Dives,peptides;research chemicals;peptide therapy;peptide guide;peptide deep dives;tirzepatide;research;update,,Shrine Peptides Research Team,01:17.7,15:39.6,FALSE,6,peptides;research chemicals;peptide therapy;peptide guide;peptide deep dives;tirzepatide;research;update
bioavailability-optimization,Bioavailability Optimization,Bioavailability Optimization,"Comprehensive guide on peptide bioavailability. Learn about research, benefits, safety, and protocols. Updated 2024-2025 research.",Discover everything you need to know about peptide bioavailability in this comprehensive research guide. Based on the latest 2024-2025 studies and clinical research.,Advanced Topics,peptides;research chemicals;peptide therapy;peptide guide;advanced topics;bioavailability;optimization,,Shrine Peptides Research Team,06:26.6,15:47.6,FALSE,6,peptides;research chemicals;peptide therapy;peptide guide;advanced topics;bioavailability;optimization
hair-growth-peptide-research,Hair Growth Peptide Research,Hair Growth Peptide Research,"Comprehensive guide on hair growth peptides. Learn about research, benefits, safety, and protocols. Updated 2024-2025 research.",Discover everything you need to know about hair growth peptides in this comprehensive research guide. Based on the latest 2024-2025 studies and clinical research.,Condition-Specific Guides,peptides;research chemicals;peptide therapy;peptide guide;condition-specific guides;hair;growth;peptide;research,,Shrine Peptides Research Team,54:55.4,15:41.7,FALSE,6,peptides;research chemicals;peptide therapy;peptide guide;condition-specific guides;hair;growth;peptide;research
ll-37-antimicrobial-guide,LL-37 Antimicrobial Guide,LL-37 Antimicrobial Guide,"Comprehensive guide on LL-37 cathelicidin. Learn about research, benefits, safety, and protocols. Updated 2024-2025 research.",Discover everything you need to know about LL-37 cathelicidin in this comprehensive research guide. Based on the latest 2024-2025 studies and clinical research.,Peptide Deep Dives,peptides;research chemicals;peptide therapy;peptide guide;peptide deep dives;ll-37;antimicrobial,,Shrine Peptides Research Team,56:24.1,15:40.6,FALSE,6,peptides;research chemicals;peptide therapy;peptide guide;peptide deep dives;ll-37;antimicrobial
neuroprotective-peptides-guide,Neuroprotective Peptides Guide,Neuroprotective Peptides Guide,"Comprehensive guide on neuroprotective peptides. Learn about research, benefits, safety, and protocols. Updated 2024-2025 research.",Discover everything you need to know about neuroprotective peptides in this comprehensive research guide. Based on the latest 2024-2025 studies and clinical research.,Condition-Specific Guides,peptides;research chemicals;peptide therapy;peptide guide;condition-specific guides;neuroprotective,,Shrine Peptides Research Team,17:46.6,15:42.4,FALSE,6,peptides;research chemicals;peptide therapy;peptide guide;condition-specific guides;neuroprotective
peptides-for-athletic-performance,Peptides for Athletic Performance,Peptides for Athletic Performance,"Comprehensive guide on athletic performance peptides. Learn about research, benefits, safety, and protocols. Updated 2024-2025 research.",Discover everything you need to know about athletic performance peptides in this comprehensive research guide. Based on the latest 2024-2025 studies and clinical research.,Condition-Specific Guides,peptides;research chemicals;peptide therapy;peptide guide;condition-specific guides;athletic;performance,,Shrine Peptides Research Team,16:08.3,15:41.4,FALSE,6,peptides;research chemicals;peptide therapy;peptide guide;condition-specific guides;athletic;performance
immune-peptides-comparison,Immune Peptides Comparison,Immune Peptides Comparison,"Comprehensive guide on immune peptide comparison. Learn about research, benefits, safety, and protocols. Updated 2024-2025 research.",Discover everything you need to know about immune peptide comparison in this comprehensive research guide. Based on the latest 2024-2025 studies and clinical research.,Comparison Guides,peptides;research chemicals;peptide therapy;peptide guide;comparison guides;immune;comparison,,Shrine Peptides Research Team,18:12.8,15:46.9,FALSE,6,peptides;research chemicals;peptide therapy;peptide guide;comparison guides;immune;comparison
peptide-safety-guidelines,Peptide Safety Guidelines,Peptide Safety Guidelines,"Comprehensive guide on peptide safety protocols. Learn about research, benefits, safety, and protocols. Updated 2024-2025 research.",Discover everything you need to know about peptide safety protocols in this comprehensive research guide. Based on the latest 2024-2025 studies and clinical research.,Safety & Protocols,peptides;research chemicals;peptide therapy;peptide guide;safety & protocols;peptide;safety;guidelines,,Shrine Peptides Research Team,38:14.1,15:45.4,FALSE,6,peptides;research chemicals;peptide therapy;peptide guide;safety & protocols;peptide;safety;guidelines
peptides-for-stress-management,Peptides for Stress Management,Peptides for Stress Management,"Comprehensive guide on stress management peptides. Learn about research, benefits, safety, and protocols. Updated 2024-2025 research.",Discover everything you need to know about stress management peptides in this comprehensive research guide. Based on the latest 2024-2025 studies and clinical research.,Condition-Specific Guides,peptides;research chemicals;peptide therapy;peptide guide;condition-specific guides;stress;management,,Shrine Peptides Research Team,33:07.5,15:42.7,FALSE,6,peptides;research chemicals;peptide therapy;peptide guide;condition-specific guides;stress;management
selank-anxiety-research,Selank Anxiety Research,Selank Anxiety Research,"Comprehensive guide on Selank nootropic peptide. Learn about research, benefits, safety, and protocols. Updated 2024-2025 research.",Discover everything you need to know about Selank nootropic peptide in this comprehensive research guide. Based on the latest 2024-2025 studies and clinical research.,Peptide Deep Dives,peptides;research chemicals;peptide therapy;peptide guide;peptide deep dives;selank;anxiety;research,,Shrine Peptides Research Team,25:12.5,15:40.3,FALSE,6,peptides;research chemicals;peptide therapy;peptide guide;peptide deep dives;selank;anxiety;research
healing-peptides-comparison,Healing Peptides Comparison,Healing Peptides Comparison,"Comprehensive guide on healing peptide comparison. Learn about research, benefits, safety, and protocols. Updated 2024-2025 research.",Discover everything you need to know about healing peptide comparison in this comprehensive research guide. Based on the latest 2024-2025 studies and clinical research.,Comparison Guides,peptides;research chemicals;peptide therapy;peptide guide;comparison guides;healing;comparison,,Shrine Peptides Research Team,32:50.6,15:49.9,FALSE,6,peptides;research chemicals;peptide therapy;peptide guide;comparison guides;healing;comparison
peptides-for-inflammation,Peptides for Inflammation,Peptides for Inflammation,"Comprehensive guide on anti-inflammatory peptides. Learn about research, benefits, safety, and protocols. Updated 2024-2025 research.",Discover everything you need to know about anti-inflammatory peptides in this comprehensive research guide. Based on the latest 2024-2025 studies and clinical research.,Condition-Specific Guides,peptides;research chemicals;peptide therapy;peptide guide;condition-specific guides;inflammation,,Shrine Peptides Research Team,22:58.0,15:41.6,FALSE,6,peptides;research chemicals;peptide therapy;peptide guide;condition-specific guides;inflammation
understanding-peptide-purity,Understanding Peptide Purity,Understanding Peptide Purity,"Comprehensive guide on peptide purity testing. Learn about research, benefits, safety, and protocols. Updated 2024-2025 research.",Discover everything you need to know about peptide purity testing in this comprehensive research guide. Based on the latest 2024-2025 studies and clinical research.,Beginner Guides,peptides;research chemicals;peptide therapy;peptide guide;beginner guides;understanding;peptide;purity,,Shrine Peptides Research Team,51:12.8,15:49.4,FALSE,6,peptides;research chemicals;peptide therapy;peptide guide;beginner guides;understanding;peptide;purity
monitoring-documentation,Monitoring & Documentation,Monitoring & Documentation,"Comprehensive guide on peptide research monitoring. Learn about research, benefits, safety, and protocols. Updated 2024-2025 research.",Discover everything you need to know about peptide research monitoring in this comprehensive research guide. Based on the latest 2024-2025 studies and clinical research.,Safety & Protocols,peptides;research chemicals;peptide therapy;peptide guide;safety & protocols;monitoring;documentation,,Shrine Peptides Research Team,37:13.8,15:46.3,FALSE,6,peptides;research chemicals;peptide therapy;peptide guide;safety & protocols;monitoring;documentation
semax-cognitive-enhancement,Semax Cognitive Enhancement,Semax Cognitive Enhancement,"Comprehensive guide on Semax brain peptide. Learn about research, benefits, safety, and protocols. Updated 2024-2025 research.",Discover everything you need to know about Semax brain peptide in this comprehensive research guide. Based on the latest 2024-2025 studies and clinical research.,Peptide Deep Dives,peptides;research chemicals;peptide therapy;peptide guide;peptide deep dives;semax;cognitive;enhancement,,Shrine Peptides Research Team,32:17.4,15:48.9,FALSE,6,peptides;research chemicals;peptide therapy;peptide guide;peptide deep dives;semax;cognitive;enhancement
gut-health-peptide-research,Gut Health Peptide Research,Gut Health Peptide Research,"Comprehensive guide on gut health peptides. Learn about research, benefits, safety, and protocols. Updated 2024-2025 research.",Discover everything you need to know about gut health peptides in this comprehensive research guide. Based on the latest 2024-2025 studies and clinical research.,Condition-Specific Guides,peptides;research chemicals;peptide therapy;peptide guide;condition-specific guides;health;peptide;research,,Shrine Peptides Research Team,58:03.7,15:41.3,FALSE,6,peptides;research chemicals;peptide therapy;peptide guide;condition-specific guides;health;peptide;research
cognitive-peptides-review,Cognitive Peptides Review,Cognitive Peptides Review,"Comprehensive guide on cognitive peptide comparison. Learn about research, benefits, safety, and protocols. Updated 2024-2025 research.",Discover everything you need to know about cognitive peptide comparison in this comprehensive research guide. Based on the latest 2024-2025 studies and clinical research.,Comparison Guides,peptides;research chemicals;peptide therapy;peptide guide;comparison guides;cognitive;review,,Shrine Peptides Research Team,40:46.2,15:46.7,FALSE,6,peptides;research chemicals;peptide therapy;peptide guide;comparison guides;cognitive;review
fat-loss-peptides-compared,Fat Loss Peptides Compared,Fat Loss Peptides Compared,"Comprehensive guide on fat loss peptide comparison. Learn about research, benefits, safety, and protocols. Updated 2024-2025 research.",Discover everything you need to know about fat loss peptide comparison in this comprehensive research guide. Based on the latest 2024-2025 studies and clinical research.,Comparison Guides,peptides;research chemicals;peptide therapy;peptide guide;comparison guides;loss;compared,,Shrine Peptides Research Team,38:08.1,15:46.8,FALSE,6,peptides;research chemicals;peptide therapy;peptide guide;comparison guides;loss;compared
glp-1-agonists-compared,GLP-1 Agonists Compared,GLP-1 Agonists Compared,"Comprehensive guide on GLP-1 peptide comparison. Learn about research, benefits, safety, and protocols. Updated 2024-2025 research.",Discover everything you need to know about GLP-1 peptide comparison in this comprehensive research guide. Based on the latest 2024-2025 studies and clinical research.,Comparison Guides,peptides;research chemicals;peptide therapy;peptide guide;comparison guides;glp-1;agonists;compared,,Shrine Peptides Research Team,00:38.0,15:46.5,FALSE,6,peptides;research chemicals;peptide therapy;peptide guide;comparison guides;glp-1;agonists;compared
peptide-modification-science,Peptide Modification Science,Peptide Modification Science,"Comprehensive guide on peptide modification research. Learn about research, benefits, safety, and protocols. Updated 2024-2025 research.",Discover everything you need to know about peptide modification research in this comprehensive research guide. Based on the latest 2024-2025 studies and clinical research.,Advanced Topics,peptides;research chemicals;peptide therapy;peptide guide;advanced topics;peptide;modification;science,,Shrine Peptides Research Team,04:50.4,15:48.2,FALSE,6,peptides;research chemicals;peptide therapy;peptide guide;advanced topics;peptide;modification;science
hexarelin-growth-study,Hexarelin Growth Study,Hexarelin Growth Study,"Comprehensive guide on Hexarelin GHRP. Learn about research, benefits, safety, and protocols. Updated 2024-2025 research.",Discover everything you need to know about Hexarelin GHRP in this comprehensive research guide. Based on the latest 2024-2025 studies and clinical research.,Peptide Deep Dives,peptides;research chemicals;peptide therapy;peptide guide;peptide deep dives;hexarelin;growth;study,,Shrine Peptides Research Team,47:58.1,15:40.5,FALSE,6,peptides;research chemicals;peptide therapy;peptide guide;peptide deep dives;hexarelin;growth;study
peptides-for-muscle-recovery,Peptides for Muscle Recovery,Peptides for Muscle Recovery,"Comprehensive guide on muscle recovery peptides. Learn about research, benefits, safety, and protocols. Updated 2024-2025 research.",Discover everything you need to know about muscle recovery peptides in this comprehensive research guide. Based on the latest 2024-2025 studies and clinical research.,Condition-Specific Guides,peptides;research chemicals;peptide therapy;peptide guide;condition-specific guides;muscle;recovery,,Shrine Peptides Research Team,20:28.0,15:41.0,FALSE,6,peptides;research chemicals;peptide therapy;peptide guide;condition-specific guides;muscle;recovery
peptides-for-sleep-quality,Peptides for Sleep Quality,Peptides for Sleep Quality,"Comprehensive guide on sleep quality peptides. Learn about research, benefits, safety, and protocols. Updated 2024-2025 research.",Discover everything you need to know about sleep quality peptides in this comprehensive research guide. Based on the latest 2024-2025 studies and clinical research.,Condition-Specific Guides,peptides;research chemicals;peptide therapy;peptide guide;condition-specific guides;sleep;quality,,Shrine Peptides Research Team,13:46.4,15:41.8,FALSE,6,peptides;research chemicals;peptide therapy;peptide guide;condition-specific guides;sleep;quality
bpc-157-vs-tb-500-comparison,BPC-157 vs TB-500 Comparison,BPC-157 vs TB-500 Comparison,"Comprehensive guide on BPC-157 TB-500 comparison. Learn about research, benefits, safety, and protocols. Updated 2024-2025 research.",Discover everything you need to know about BPC-157 TB-500 comparison in this comprehensive research guide. Based on the latest 2024-2025 studies and clinical research.,Comparison Guides,peptides;research chemicals;peptide therapy;peptide guide;comparison guides;bpc-157;tb-500;comparison,,Shrine Peptides Research Team,16:48.4,15:46.3,FALSE,6,peptides;research chemicals;peptide therapy;peptide guide;comparison guides;bpc-157;tb-500;comparison
future-of-peptide-research,Future of Peptide Research,Future of Peptide Research,"Comprehensive guide on future peptide developments. Learn about research, benefits, safety, and protocols. Updated 2024-2025 research.",Discover everything you need to know about future peptide developments in this comprehensive research guide. Based on the latest 2024-2025 studies and clinical research.,Advanced Topics,peptides;research chemicals;peptide therapy;peptide guide;advanced topics;future;peptide;research,,Shrine Peptides Research Team,23:59.7,15:50.1,FALSE,6,peptides;research chemicals;peptide therapy;peptide guide;advanced topics;future;peptide;research
cognitive-enhancement-peptides,Cognitive Enhancement Peptides,Cognitive Enhancement Peptides,"Comprehensive guide on cognitive enhancement peptides. Learn about research, benefits, safety, and protocols. Updated 2024-2025 research.",Discover everything you need to know about cognitive enhancement peptides in this comprehensive research guide. Based on the latest 2024-2025 studies and clinical research.,Condition-Specific Guides,peptides;research chemicals;peptide therapy;peptide guide;condition-specific guides;cognitive;enhancement,,Shrine Peptides Research Team,56:19.6,15:41.9,FALSE,6,peptides;research chemicals;peptide therapy;peptide guide;condition-specific guides;cognitive;enhancement
cagrilintide-research-guide,Cagrilintide Research Guide,Cagrilintide Research Guide,"Comprehensive guide on Cagrilintide amylin analog. Learn about research, benefits, safety, and protocols. Updated 2024-2025 research.",Discover everything you need to know about Cagrilintide amylin analog in this comprehensive research guide. Based on the latest 2024-2025 studies and clinical research.,Peptide Deep Dives,peptides;research chemicals;peptide therapy;peptide guide;peptide deep dives;cagrilintide;research,,Shrine Peptides Research Team,35:44.8,15:39.8,FALSE,6,peptides;research chemicals;peptide therapy;peptide guide;peptide deep dives;cagrilintide;research
anti-aging-peptides-compared,Anti-Aging Peptides Compared,Anti-Aging Peptides Compared,"Comprehensive guide on anti-aging peptide comparison. Learn about research, benefits, safety, and protocols. Updated 2024-2025 research.",Discover everything you need to know about anti-aging peptide comparison in this comprehensive research guide. Based on the latest 2024-2025 studies and clinical research.,Comparison Guides,peptides;research chemicals;peptide therapy;peptide guide;comparison guides;anti-aging;compared,,Shrine Peptides Research Team,15:58.5,15:47.4,FALSE,6,peptides;research chemicals;peptide therapy;peptide guide;comparison guides;anti-aging;compared
first-peptide-research-project,First Peptide Research Project,First Peptide Research Project,"Comprehensive guide on first peptide project. Learn about research, benefits, safety, and protocols. Updated 2024-2025 research.",Discover everything you need to know about first peptide project in this comprehensive research guide. Based on the latest 2024-2025 studies and clinical research.,Beginner Guides,peptides;research chemicals;peptide therapy;peptide guide;beginner guides;first;peptide;research;project,,Shrine Peptides Research Team,08:04.3,15:43.9,FALSE,6,peptides;research chemicals;peptide therapy;peptide guide;beginner guides;first;peptide;research;project
peptide-terminology-guide,Peptide Terminology Guide,Peptide Terminology Guide,"Comprehensive guide on peptide terminology glossary. Learn about research, benefits, safety, and protocols. Updated 2024-2025 research.",Discover everything you need to know about peptide terminology glossary in this comprehensive research guide. Based on the latest 2024-2025 studies and clinical research.,Beginner Guides,peptides;research chemicals;peptide therapy;peptide guide;beginner guides;peptide;terminology,,Shrine Peptides Research Team,55:46.9,15:43.8,FALSE,6,peptides;research chemicals;peptide therapy;peptide guide;beginner guides;peptide;terminology
lab-safety-for-peptides,Lab Safety for Peptides,Lab Safety for Peptides,"Comprehensive guide on peptide lab safety. Learn about research, benefits, safety, and protocols. Updated 2024-2025 research.",Discover everything you need to know about peptide lab safety in this comprehensive research guide. Based on the latest 2024-2025 studies and clinical research.,Safety & Protocols,peptides;research chemicals;peptide therapy;peptide guide;safety & protocols;safety,,Shrine Peptides Research Team,07:31.1,15:46.2,FALSE,6,peptides;research chemicals;peptide therapy;peptide guide;safety & protocols;safety
regenerative-medicine-peptides,Regenerative Medicine Peptides,Regenerative Medicine Peptides,"Comprehensive guide on regenerative medicine research. Learn about research, benefits, safety, and protocols. Updated 2024-2025 research.",Discover everything you need to know about regenerative medicine research in this comprehensive research guide. Based on the latest 2024-2025 studies and clinical research.,Research Summaries,peptides;research chemicals;peptide therapy;peptide guide;research summaries;regenerative;medicine,,Shrine Peptides Research Team,10:29.8,15:49.7,FALSE,6,peptides;research chemicals;peptide therapy;peptide guide;research summaries;regenerative;medicine
sterile-handling-protocols,Sterile Handling Protocols,Sterile Handling Protocols,"Comprehensive guide on sterile peptide handling. Learn about research, benefits, safety, and protocols. Updated 2024-2025 research.",Discover everything you need to know about sterile peptide handling in this comprehensive research guide. Based on the latest 2024-2025 studies and clinical research.,Safety & Protocols,peptides;research chemicals;peptide therapy;peptide guide;safety & protocols;sterile;handling;protocols,,Shrine Peptides Research Team,16:40.1,15:45.7,FALSE,6,peptides;research chemicals;peptide therapy;peptide guide;safety & protocols;sterile;handling;protocols
metabolic-peptide-studies,Metabolic Peptide Studies,Metabolic Peptide Studies,"Comprehensive guide on metabolic peptide research. Learn about research, benefits, safety, and protocols. Updated 2024-2025 research.",Discover everything you need to know about metabolic peptide research in this comprehensive research guide. Based on the latest 2024-2025 studies and clinical research.,Research Summaries,peptides;research chemicals;peptide therapy;peptide guide;research summaries;metabolic;peptide;studies,,Shrine Peptides Research Team,01:31.2,15:45.2,FALSE,6,peptides;research chemicals;peptide therapy;peptide guide;research summaries;metabolic;peptide;studies
anti-aging-research-update,Anti-Aging Research Update,Anti-Aging Research Update,"Comprehensive guide on anti-aging peptide studies. Learn about research, benefits, safety, and protocols. Updated 2024-2025 research.",Discover everything you need to know about anti-aging peptide studies in this comprehensive research guide. Based on the latest 2024-2025 studies and clinical research.,Research Summaries,peptides;research chemicals;peptide therapy;peptide guide;research summaries;anti-aging;research;update,,Shrine Peptides Research Team,30:24.4,15:44.4,FALSE,6,peptides;research chemicals;peptide therapy;peptide guide;research summaries;anti-aging;research;update
gut-brain-peptide-studies,Gut-Brain Peptide Studies,Gut-Brain Peptide Studies,"Comprehensive guide on gut-brain axis peptides. Learn about research, benefits, safety, and protocols. Updated 2024-2025 research.",Discover everything you need to know about gut-brain axis peptides in this comprehensive research guide. Based on the latest 2024-2025 studies and clinical research.,Research Summaries,peptides;research chemicals;peptide therapy;peptide guide;research summaries;gut-brain;peptide;studies,,Shrine Peptides Research Team,06:38.1,15:45.0,FALSE,6,peptides;research chemicals;peptide therapy;peptide guide;research summaries;gut-brain;peptide;studies
natural-vs-synthetic-peptides,Natural vs Synthetic Peptides,Natural vs Synthetic Peptides,"Comprehensive guide on natural synthetic peptide comparison. Learn about research, benefits, safety, and protocols. Updated 2024-2025 research.",Discover everything you need to know about natural synthetic peptide comparison in this comprehensive research guide. Based on the latest 2024-2025 studies and clinical research.,Comparison Guides,peptides;research chemicals;peptide therapy;peptide guide;comparison guides;natural;synthetic,,Shrine Peptides Research Team,07:50.5,15:47.1,FALSE,6,peptides;research chemicals;peptide therapy;peptide guide;comparison guides;natural;synthetic
pt-141-research-overview,PT-141 Research Overview,PT-141 Research Overview,"Comprehensive guide on PT-141 bremelanotide. Learn about research, benefits, safety, and protocols. Updated 2024-2025 research.",Discover everything you need to know about PT-141 bremelanotide in this comprehensive research guide. Based on the latest 2024-2025 studies and clinical research.,Peptide Deep Dives,peptides;research chemicals;peptide therapy;peptide guide;peptide deep dives;pt-141;research;overview,,Shrine Peptides Research Team,02:59.1,15:41.2,FALSE,6,peptides;research chemicals;peptide therapy;peptide guide;peptide deep dives;pt-141;research;overview
clinical-trials-update-2024,Clinical Trials Update 2024,Clinical Trials Update 2024,"Comprehensive guide on peptide clinical trials. Learn about research, benefits, safety, and protocols. Updated 2024-2025 research.",Discover everything you need to know about peptide clinical trials in this comprehensive research guide. Based on the latest 2024-2025 studies and clinical research.,Research Summaries,peptides;research chemicals;peptide therapy;peptide guide;research summaries;clinical;trials;update;2024,,Shrine Peptides Research Team,22:32.0,15:44.2,FALSE,6,peptides;research chemicals;peptide therapy;peptide guide;research summaries;clinical;trials;update;2024
peptide-biomarker-studies,Peptide Biomarker Studies,Peptide Biomarker Studies,"Comprehensive guide on peptide biomarker research. Learn about research, benefits, safety, and protocols. Updated 2024-2025 research.",Discover everything you need to know about peptide biomarker research in this comprehensive research guide. Based on the latest 2024-2025 studies and clinical research.,Research Summaries,peptides;research chemicals;peptide therapy;peptide guide;research summaries;peptide;biomarker;studies,,Shrine Peptides Research Team,06:02.6,15:45.9,FALSE,6,peptides;research chemicals;peptide therapy;peptide guide;research summaries;peptide;biomarker;studies
peptides-for-energy-vitality,Peptides for Energy & Vitality,Peptides for Energy & Vitality,"Comprehensive guide on energy vitality peptides. Learn about research, benefits, safety, and protocols. Updated 2024-2025 research.",Discover everything you need to know about energy vitality peptides in this comprehensive research guide. Based on the latest 2024-2025 studies and clinical research.,Condition-Specific Guides,peptides;research chemicals;peptide therapy;peptide guide;condition-specific guides;energy;vitality,,Shrine Peptides Research Team,38:13.9,15:42.5,FALSE,6,peptides;research chemicals;peptide therapy;peptide guide;condition-specific guides;energy;vitality
